seed,variant,steps,neuron_count,total_spikes,mean_firing_rate_hz,normalized_voltage_energy,mean_gate,gate_variance,population_spike_count_fano,mean_pairwise_spike_correlation,pairwise_correlation_pairs,binned_coincidence_rate,active_fraction,globally_computed_gate_mean,globally_computed_gate_variance,effective_gate_count,effective_gate_mean,effective_gate_variance,effective_gate_entropy_bits,effective_gate_minimum,effective_gate_maximum,spike_event_count,event_feature_mean,event_feature_variance,event_feature_minimum,event_feature_maximum,event_ei_balance_mean,event_ei_balance_variance,event_membrane_slope_mean,event_membrane_slope_variance,event_threshold_overshoot_mean,event_threshold_overshoot_variance,event_isi_state_mean,event_isi_state_variance,finite,voltage_rmse_vs_projection,spike_disagreement_vs_projection
11,kernel_projection,420,16,132,19.642857142857142,0.5446177704718874,0.7936009798616467,0.06358832823238743,1.6705627652473436,0.046678044232876095,120,0.49242424242424243,1.0,0.795828960990155,0.062084748506277106,132,0.7625027428452514,0.08043945986003956,0.6500224216483541,0.12831102220096213,0.8893487727395004,132,0.377958889685294,0.08228637232780488,-0.4137315618435897,0.7240574324574981,0.6998818705455145,0.341954380180664,0.4849757912964916,0.03364842069642182,0.28083285091614424,0.04515009671826009,-0.32681366997228173,0.09312469987032419,True,0.0,0
11,kernel_ei_only,420,16,138,20.535714285714285,0.5283123328288838,0.789578486779441,0.06573701212005797,1.4540372626554146,0.03252285936074586,120,0.391304347826087,1.0,0.7910728053594397,0.0647920311130198,138,0.803743599073578,0.05167985764653839,0.7020113758085573,0.12831078205387136,0.8893547907490247,138,0.7381390607367458,0.2758829504762149,-0.9958791484575195,0.9999999999603538,0.7381390607367458,0.2758829504762149,0.4558756075870867,0.0334936405291753,0.22580520384515074,0.03098135521403918,-0.2878180135559977,0.10083989678910064,True,6.428153755233481,208
11,kernel_slope_only,420,16,139,20.68452380952381,0.529568587803826,0.7906567014184288,0.06525641955817345,1.4460260319445188,0.03249513723636528,120,0.4460431654676259,1.0,0.7903932212799671,0.06517519168279678,139,0.8893407599421551,5.545605160497277e-14,2.1427426764882225,0.8893405223910268,0.8893420534099842,139,0.4622817008649013,0.03922617231356305,0.08824074853274867,0.9131586374652977,0.7570167073875264,0.24193734889676732,0.4622817008649013,0.03922617231356305,0.2494840073037327,0.04708314133513544,-0.291517127960973,0.09581764832245886,True,6.456405701531478,221
11,kernel_overshoot_only,420,16,139,20.68452380952381,0.5295686724673182,0.7906567316354862,0.0652564254661931,1.4460260319445188,0.03249513723636528,120,0.4460431654676259,1.0,0.7903932213160082,0.06517519163381595,139,0.8893422190531681,1.0012527203791056e-11,1.0615080391859342,0.889340524136666,0.8893673578986727,139,0.249485910971164,0.04708318055954359,0.005535337869746592,0.9035283406424789,0.7570167128931848,0.24193731659770185,0.4622818935333649,0.03922624194824177,0.249485910971164,0.04708318055954359,-0.291517127960973,0.09581764832245886,True,6.45640608090591,221
11,kernel_isi_only,420,16,112,16.666666666666668,0.5999437566283747,0.7999427691028609,0.05993616215255363,3.7511904621235113,0.18765133171912834,120,0.8660714285714286,1.0,0.8123631187493731,0.05232067884562842,112,0.12831102512341958,1.4360852766524838e-14,1.4639571387328805,0.12831078135055363,0.12831133707729264,112,-0.4692462924217341,0.04850225968573826,-1.0,-0.23421422804977587,0.6301499820891662,0.3860264244238456,0.3764935599511068,0.003130235534737186,0.19515211407411012,0.01650969343115852,-0.4692462924217341,0.04850225968573826,True,5.87023716304027,180
11,event_constant,420,16,130,19.345238095238095,0.5631875539212271,0.7630682125051438,0.00013397773729238125,1.6750915696797408,0.04880493366109451,120,0.5153846153846153,1.0,0.7625027428452514,0.0,130,0.7625027428452514,0.0,0.0,0.7625027428452514,0.7625027428452514,130,0.35160837841155745,0.07247892089759682,-0.4087325421776195,0.654691282842161,0.6802257880219157,0.32762925197950504,0.4417589491235494,0.027916498941966066,0.24505050927678804,0.03500844507242359,-0.3383962523480719,0.09016924698398583,True,5.499147966276165,198
11,ei_event_constant,420,16,134,19.94047619047619,0.5503801134170007,0.804210876218641,9.148778279492213e-05,1.531698644808251,0.03916579986373688,120,0.48507462686567165,1.0,0.8037435990735778,1.232595164407831e-32,133,0.803743599073578,0.0,0.0,0.803743599073578,0.803743599073578,134,0.7520842174562924,0.2500013768859605,-0.9882731094899063,0.9999999999542211,0.7520842174562924,0.2500013768859605,0.4556088793954979,0.03092881626602922,0.24282631235892507,0.032181171036275526,-0.31610021007513645,0.09167566916336856,True,6.483406463047971,212
11,slope_event_constant,420,16,139,20.68452380952381,0.529568592794306,0.8896042343232452,2.9086456036651427e-05,1.4460260319445188,0.03249513723636528,120,0.4460431654676259,1.0,0.889340759942155,1.232595164407831e-32,139,0.8893407599421551,0.0,0.0,0.8893407599421551,0.8893407599421551,139,0.4622817005313573,0.03922617209524415,0.08824079736357,0.9131586596583655,0.7570167086698889,0.24193734640269873,0.4622817005313573,0.03922617209524415,0.2494840135920691,0.04708314867074679,-0.291517127960973,0.09581764832245886,True,6.456405699273014,221
11,overshoot_event_constant,420,16,139,20.68452380952381,0.5295686857387998,0.8896056899601844,2.908568899562514e-05,1.4460260319445188,0.03249513723636528,120,0.4460431654676259,1.0,0.8893422190531681,0.0,139,0.8893422190531681,0.0,0.0,0.8893422190531681,0.8893422190531681,139,0.24948584891778627,0.04708310447703314,0.005539741064326315,0.9035269638026677,0.7570167086704592,0.2419373464029762,0.4622818443047292,0.039226222677853896,0.24948584891778627,0.04708310447703314,-0.291517127960973,0.09581764832245886,True,6.456405961233909,221
11,isi_event_constant,420,16,112,16.666666666666668,0.5999437530358175,0.1303864750636019,0.0018048393383109963,3.7511904621235113,0.18765133171912834,120,0.8660714285714286,1.0,0.12831102512341958,0.0,112,0.12831102512341958,0.0,0.0,0.12831102512341958,0.12831102512341958,112,-0.4692462924217341,0.04850225968573826,-1.0,-0.23421422804977587,0.6301499810332161,0.3860264253142138,0.37649355807008134,0.0031302355011322445,0.19515210800028868,0.0165096959437435,-0.4692462924217341,0.04850225968573826,True,5.870237143716432,180
11,isi_distribution_random,420,16,112,16.666666666666668,0.5999437524112793,0.13038647411626322,0.0018048393422576941,3.7511904621235113,0.18765133171912834,120,0.8660714285714286,1.0,0.12831102428036018,1.443452744898828e-14,112,0.12831102790144186,1.3171535937883816e-14,1.443046725938419,0.12831078135055363,0.12831133707729264,112,-0.4692462924217341,0.04850225968573826,-1.0,-0.23421422804977587,0.6301499512537482,0.38602645224022814,0.37649355866610845,0.0031302357190051313,0.1951521031879973,0.016509700235058957,-0.4692462924217341,0.04850225968573826,True,5.870237154469336,180
11,sign_projection,420,16,130,19.345238095238095,0.5571792168090484,0.8021428571428573,0.06892397959183674,1.9981684917128768,0.06769925444896101,120,0.6,1.0,0.804404761904762,0.06733774092970522,130,0.7646153846153847,0.08997869822485208,0.6559420757694149,0.1,0.9,130,0.3655563837292524,0.0795938979487023,-0.4219638735507302,0.7277053097702569,0.6887489201839635,0.32891038098448355,0.47801602523011977,0.03360820474999255,0.25405904119959766,0.039612393205978855,-0.3377802341590127,0.0927166907797469,True,4.011832660397423,100
11,tanh_projection,420,16,136,20.238095238095237,0.5440967713371195,0.8291858948472813,0.07068577591135845,1.44089635409359,0.031889970246213324,120,0.375,1.0,0.8310835348181652,0.06979251013936232,136,0.8438443276822748,0.06081261661323959,1.29355900038113,0.05,0.95,136,0.39442050881118096,0.06721548808701652,-0.4008491155460386,0.7307246045511439,0.7336391614549227,0.27239987683657163,0.4734104514451204,0.0339739753040015,0.28466812201293834,0.043861838325939984,-0.300439934670045,0.10227019882774305,True,6.097155484905815,196
11,distribution_random,420,16,136,20.238095238095237,0.5505360510644552,0.7658239102685239,0.078973085090083,1.4997198833236942,0.036292634675530566,120,0.4411764705882353,1.0,0.7654471856676442,0.07893691445863021,136,0.7550417109732612,0.084169025422338,0.6722948170756379,0.12831102220096213,0.8893422259181571,136,0.3835407757338209,0.05966464317535761,-0.34887857575418657,0.6718925256500781,0.7506904833279978,0.26107798332507876,0.44481974634002663,0.02767044555312828,0.22608741908546676,0.03176741622323431,-0.3092673352260247,0.09340058598550932,True,6.796756145560087,214
11,time_shifted,420,16,139,20.68452380952381,0.5295685767323485,0.7891082038464626,0.0663565164409608,1.4460260319445188,0.03249513723636528,120,0.4460431654676259,1.0,0.7903932212700675,0.06517519169603599,139,0.8893405024535814,5.570579617523099e-17,0.0,0.8893404899922638,0.8893405209016878,139,0.3974962305657554,0.06099030667750221,-0.4069492770482691,0.7389640517289212,0.757016708843924,0.24193734612387843,0.46228167513296936,0.03922616322258059,0.24948369224758674,0.04708315671984205,-0.291517127960973,0.09581764832245886,True,6.456405653227275,221
11,state_shuffled,420,16,132,19.642857142857142,0.5512206869998179,0.7948472870681056,0.06287655910857835,1.5341991293175914,0.03798902893796092,120,0.48484848484848486,1.0,0.7960560354143179,0.06195397158801943,131,0.6395371971987509,0.12770588619665457,0.9131224909094169,0.1283111212878475,0.8893419081208874,132,0.4002816867266289,0.059387944435164354,-0.46986974417824795,0.7282896320525447,0.7787843418724605,0.24835908771047022,0.4657736565580362,0.030391558161600888,0.25758701975427534,0.03558662055665825,-0.33156758562502825,0.0930142222843996,True,6.466922758456093,208
11,disabled,420,16,143,21.279761904761905,0.5189732967499948,1.0,0.0,1.4567266024481087,0.03468140714710598,120,0.5104895104895105,1.0,1.0,0.0,143,1.0,0.0,0.0,1.0,1.0,143,0.4277235403899679,0.055572455842625865,-0.38977332653116126,0.7013758421187106,0.7929770800825869,0.20702038091179492,0.5073579587713828,0.04064664821245696,0.2473228322125715,0.040251509580445134,-0.26702603083899124,0.1005548200149961,True,7.459028475813091,243
23,kernel_projection,420,16,152,22.61904761904762,0.5165424273999589,0.7798980461474055,0.07120501823233905,1.6380952335689223,0.048577440865379,120,0.47368421052631576,1.0,0.7820127777184835,0.06982438822181125,151,0.7784625125376297,0.07208747008901063,0.5989622786653417,0.12831104285756745,0.8893472168261798,152,0.41493219316858054,0.06793999598631062,-0.39392437487773585,0.7371862950126049,0.7628353149711152,0.24591378974916372,0.4770139188756949,0.035146410350685206,0.2321079155592272,0.02882923652296197,-0.22135799936336667,0.11207576295934274,True,0.0,0
23,kernel_ei_only,420,16,147,21.875,0.5307316684891416,0.7850010959656928,0.06826575545767277,1.5479591792507286,0.04121392497670483,120,0.4965986394557823,1.0,0.7871092533701772,0.06701419042810369,147,0.7757459517310122,0.06682555123663665,0.8218182025230495,0.12831080539448075,0.8893408242932794,147,0.7553622182030159,0.25368405290657825,-0.8760708281666052,0.9999999999654483,0.7553622182030159,0.25368405290657825,0.4685747666576154,0.04132366154170703,0.24765678619797674,0.04592332995716245,-0.23686681507434354,0.10929454403284677,True,7.694019154983024,259
23,kernel_slope_only,420,16,153,22.767857142857142,0.5226682595221496,0.7812572520988705,0.07046626998824539,1.4330999026953184,0.03598705001437657,120,0.39869281045751637,1.0,0.7809937716592615,0.07038008891118953,153,0.889340757689259,3.3353989964510453e-13,0.157238799722834,0.8893405155850065,0.8893476485767926,153,0.488487537766669,0.03678864530957899,0.020511501283688782,0.9527514324940881,0.8226498038625518,0.1565343081093184,0.488487537766669,0.03678864530957899,0.28269630358348036,0.038447985553164546,-0.20351340794652026,0.12188016921821218,True,7.630298009384833,273
23,kernel_overshoot_only,420,16,153,22.767857142857142,0.5226683798463149,0.7812572759699499,0.0704662743932165,1.4330999026953184,0.03598705001437657,120,0.39869281045751637,1.0,0.7809937721450906,0.07038008826107826,153,0.8893417848061074,8.911181462345223e-12,0.7333437844636589,0.8893405261153962,0.889366454972272,153,0.28269889522065716,0.038447864476670965,0.005726995786824769,0.8928548506862949,0.8226498082623528,0.15653430879606137,0.4884876243359991,0.03678868450018011,0.28269889522065716,0.038447864476670965,-0.20351340794652026,0.12188016921821218,True,7.630298593824801,273
23,kernel_isi_only,420,16,112,16.666666666666668,0.607905932702466,0.7999427370887143,0.05993617415478585,3.7869047477038684,0.19007263922518158,120,0.8839285714285714,1.0,0.8123630867352237,0.05232069164708705,112,0.1283110252800384,1.438171813163688e-14,1.532016002075691,0.12831078135055363,0.12831133707729264,112,-0.4691309214787567,0.04852886132323805,-1.0,-0.23421422804977587,0.6172813552987196,0.3048801994824885,0.3847382316984388,0.002824170563622888,0.16937733825882378,0.013831063883560464,-0.4691309214787567,0.04852886132323805,True,7.187505339006618,234
23,event_constant,420,16,141,20.982142857142858,0.5593880165471128,0.7789899827458734,0.00011657619982498648,1.4302431568339262,0.03435153809462708,120,0.3900709219858156,1.0,0.7784625125376297,0.0,141,0.7784625125376297,0.0,0.0,0.7784625125376297,0.7784625125376297,141,0.4113118307145751,0.06644644887959937,-0.3571001681932404,0.758821324121885,0.7569894213320534,0.2329711056748612,0.483655006631402,0.031735356084729785,0.2731395869203377,0.038603806762479966,-0.266843137570737,0.11203887175502342,True,6.880060514124493,227
23,ei_event_constant,420,16,148,22.023809523809526,0.5292330719768602,0.7762798899411766,0.00011945271514255872,1.4314028273407422,0.03562085794339948,120,0.36486486486486486,1.0,0.7757459517310122,0.0,148,0.7757459517310122,0.0,0.0,0.7757459517310122,0.7757459517310122,148,0.772401365841924,0.20377922359446338,-0.7454579321469829,0.9999999999665006,0.772401365841924,0.20377922359446338,0.45993744858543534,0.035655949033938386,0.2574225032086215,0.04048228084762482,-0.229446186257625,0.11263512133941771,True,7.174528913948074,246
23,slope_event_constant,420,16,153,22.767857142857142,0.5226682568707165,0.8896042320757132,2.9086457220985677e-05,1.4330999026953184,0.03598705001437657,120,0.39869281045751637,1.0,0.889340757689259,0.0,153,0.889340757689259,0.0,0.0,0.889340757689259,0.889340757689259,153,0.4884875069100812,0.03678863782558221,0.020511491047569975,0.9527514519673854,0.822649780107669,0.156534360851828,0.4884875069100812,0.03678863782558221,0.2826962094211045,0.038447955839477375,-0.20351340794652026,0.12188016921821218,True,7.630298040744654,273
23,overshoot_event_constant,420,16,153,22.767857142857142,0.5226683717766812,0.8896052567470452,2.908591727419047e-05,1.4330999026953184,0.03598705001437657,120,0.39869281045751637,1.0,0.8893417848061074,0.0,153,0.8893417848061074,0.0,0.0,0.8893417848061074,0.8893417848061074,153,0.28269846009801314,0.038447905339687755,0.005726995786824769,0.8928554604142891,0.8226497801076758,0.15653436085183078,0.48848761938466834,0.03678867967560538,0.28269846009801314,0.038447905339687755,-0.20351340794652026,0.12188016921821218,True,7.630298522741514,273
23,isi_event_constant,420,16,112,16.666666666666668,0.6079059294586505,0.13038647521984784,0.0018048393376624353,3.7869047477038684,0.19007263922518158,120,0.8839285714285714,1.0,0.1283110252800384,0.0,112,0.1283110252800384,0.0,0.0,0.1283110252800384,0.1283110252800384,112,-0.4691309214787567,0.04852886132323805,-1.0,-0.23421422804977587,0.6172813558734366,0.3048801986922985,0.3847382331786961,0.0028241710562474953,0.16937734259936893,0.013831061084675177,-0.4691309214787567,0.04852886132323805,True,7.187505318755307,234
23,isi_distribution_random,420,16,112,16.666666666666668,0.6079059347440738,0.1303864754055254,0.0018048393369065748,3.7869047477038684,0.19007263922518158,120,0.8839285714285714,1.0,0.12831102541865616,1.4910149583028422e-14,112,0.128311035355522,1.4055834416936434e-14,1.4120584520374746,0.12831078135055363,0.12831133707729264,112,-0.4691309214787567,0.04852886132323805,-1.0,-0.23421422804977587,0.6172814171981521,0.3048801049560907,0.38473823417713626,0.0028241712650716277,0.1693773813253915,0.013831052491494822,-0.4691309214787567,0.04852886132323805,True,7.187505342985681,234
23,sign_projection,420,16,152,22.61904761904762,0.5169234756455855,0.7853571428571429,0.07878558673469388,1.480200497163105,0.03764497457350981,120,0.5,1.0,0.7872619047619048,0.07748059807256237,152,0.7947368421052632,0.07313019390581718,0.5617526078313282,0.1,0.9,152,0.424481888227333,0.06927529227111455,-0.34810647397918204,0.7731254977393318,0.7805328614514039,0.2493773876034936,0.4754252722086649,0.04390715197612299,0.24861262858177627,0.04082452970654963,-0.2193973434633063,0.11147923272649896,True,5.974633065798213,232
23,tanh_projection,420,16,153,22.767857142857142,0.5114657987109705,0.8142769643596167,0.07747661440701664,1.4853874842511305,0.0384004050318932,120,0.47058823529411764,1.0,0.816376860016471,0.07657216297656526,153,0.8516049397680453,0.054757814652910373,1.0882747513140425,0.05,0.95,153,0.4302425326084922,0.06435094036882173,-0.38136976027859726,0.7623048991316576,0.774048928642061,0.22339313311143344,0.48830448251412545,0.03675275628634962,0.2533370332701109,0.03608321314580989,-0.19726857233690104,0.12275418584665464,True,7.889651908959158,269
23,distribution_random,420,16,144,21.42857142857143,0.543481508865054,0.7771487451844268,0.0730239065681223,1.2404761868581349,0.021838989417504024,120,0.2986111111111111,1.0,0.7769985194971314,0.07287483800802287,144,0.7519329278216607,0.08569023133947956,0.6812908868842176,0.12831104285756745,0.8893472168261798,144,0.383464142174361,0.06317922226078634,-0.39974744494853365,0.7638830706959131,0.7436087572443207,0.2547467118765392,0.4174322871730026,0.027245774718073698,0.2201474269489553,0.031636996057406906,-0.2567977327948064,0.10923595790731619,True,7.466518482949104,250
23,time_shifted,420,16,153,22.767857142857142,0.5226682283476396,0.7795955097092193,0.07159858884630667,1.4330999026953184,0.03598705001437657,120,0.39869281045751637,1.0,0.7809937716402108,0.07038008892833081,153,0.8893405008074994,9.824089235972343e-17,0.0,0.8893404864782736,0.8893405644833987,153,0.45288344785386814,0.05148178021732424,-0.3697714235149421,0.81502693128914,0.8226497800718762,0.15653436091653908,0.488487478839521,0.03678862732343426,0.2826956513636096,0.03844796773874261,-0.20351340794652026,0.12188016921821218,True,7.630297921045558,273
23,state_shuffled,420,16,146,21.726190476190478,0.528781788160716,0.7825031204852388,0.06978612425144622,1.5838877971396315,0.04410284360926524,120,0.4383561643835616,1.0,0.7842780553371593,0.06858181784198843,146,0.6860521415823624,0.11338223543480584,0.8373063802461103,0.1283111212878475,0.8893457688498992,146,0.4202593351840678,0.05700087342862222,-0.3660364252689262,0.7417050919542305,0.7880262977265795,0.20584090751729772,0.461676310072067,0.0339580452473347,0.25024609818564253,0.029393753114001244,-0.23953588076213608,0.11310375243931897,True,7.437506604192729,254
23,disabled,420,16,158,23.511904761904763,0.5147768762618954,1.0,0.0,1.3833031910184646,0.0315487197139461,120,0.4620253164556962,1.0,1.0,0.0,157,1.0,0.0,0.0,1.0,1.0,158,0.44964538691775774,0.06588470048773537,-0.3960558686830341,0.7885265520704147,0.7876628728563583,0.20285615401551818,0.5026050833803611,0.04951335038013886,0.29217796439668375,0.04589544030763768,-0.1744886386468921,0.12624704117394428,True,8.328062541696045,274
38,kernel_projection,420,16,140,20.833333333333336,0.5149907590904497,0.7861271872167058,0.06778952045139243,1.4238095195380953,0.030007468256354655,120,0.44285714285714284,1.0,0.7899406459025792,0.06543035484589108,140,0.6936476883755262,0.11063231715142541,0.8224042259549891,0.12831094353493544,0.8893483542089315,140,0.32280367027625506,0.13397052192675518,-0.5117186207345661,0.775363335835692,0.5417679123699978,0.5004855258838375,0.47918676411059197,0.04069012956746819,0.270041801359245,0.048205518324918484,-0.2710322795163941,0.11508155895065662,True,0.0,0
38,kernel_ei_only,420,16,137,20.386904761904763,0.5225026177171932,0.7873805746808221,0.06694654944600024,1.6957073288299829,0.048218927262006,120,0.5036496350364964,1.0,0.7908477128124765,0.0649202738045333,137,0.7063498457730072,0.09856570065110563,1.0305589347843862,0.12831078135055368,0.8893414107999109,137,0.5654205620347692,0.474709433740374,-0.9999999996624456,0.9999999999623866,0.5654205620347692,0.474709433740374,0.5120073954107711,0.04018883335332287,0.28557620596264965,0.04878921678983401,-0.28511736321192743,0.11555339764605833,True,6.222245991665519,235
38,kernel_slope_only,420,16,149,22.172619047619047,0.5031220839626196,0.7817103470171446,0.07021902497226522,1.4237615811576934,0.03206429826951738,120,0.3959731543624161,1.0,0.7813336181691335,0.07019481764307765,149,0.8893407467376404,2.2271437829233012e-13,0.49012248361792965,0.8893405148816012,0.8893456879831814,149,0.5275020986317446,0.04758618157773258,0.028058821525095933,0.957040000593372,0.615351521514437,0.4427648823318054,0.5275020986317446,0.04758618157773258,0.301299571640231,0.04673478251528411,-0.21008680223219284,0.1308402623872161,True,7.900819760250613,251
38,kernel_overshoot_only,420,16,149,22.172619047619047,0.5031221384204093,0.7817103677942276,0.0702190306774105,1.4237615811576934,0.03206429826951738,120,0.3959731543624161,1.0,0.7813336173567901,0.0701948186999694,149,0.8893417204352421,1.2115956561826519e-11,0.4291734677995299,0.8893405267455539,0.8893793991467712,149,0.3013014977560797,0.04673498881891092,0.0038268570040757835,0.8895084534962068,0.615351495316648,0.4427649270664583,0.5275021997077544,0.0475862053431268,0.3013014977560797,0.04673498881891092,-0.21008680223219284,0.1308402623872161,True,7.900820095608682,251
38,kernel_isi_only,420,16,112,16.666666666666668,0.6109789610232225,0.7991505425787748,0.0603967989779388,3.1440476072574404,0.14648910411622276,120,0.8303571428571429,1.0,0.8115708922189565,0.052800995140255505,112,0.12831102549277953,1.4956877272940743e-14,1.5643599288921353,0.12831078135055363,0.12831138839890943,112,-0.46949821168311084,0.0485722534580437,-1.0,-0.21874432928295773,0.49533822658856436,0.629642570746074,0.37585311704371005,0.006067122196168902,0.1968865674691717,0.017211886103408274,-0.46949821168311084,0.0485722534580437,True,6.971616354393712,214
38,event_constant,420,16,141,20.982142857142858,0.5287917006422705,0.6943770986412986,0.0002229244817062302,1.4444275539547953,0.03390154989756165,120,0.3900709219858156,1.0,0.6936476883755262,0.0,141,0.6936476883755262,0.0,0.0,0.6936476883755262,0.6936476883755262,141,0.33826320625394557,0.12537103426261803,-0.4998030008554793,0.7745506195692706,0.5748082950839652,0.4924119033513751,0.4846236976316408,0.034064682706276786,0.27028717975597,0.0375053254060194,-0.26679556575473107,0.1150055845817948,True,7.384171174008602,243
38,ei_event_constant,420,16,144,21.42857142857143,0.5206836925595266,0.707049012806881,0.0002048216727862124,1.4349206307354496,0.03281134410648977,120,0.4375,1.0,0.7063498457730072,0.0,144,0.7063498457730072,0.0,0.0,0.7063498457730072,0.7063498457730072,144,0.5842099600125521,0.48766445371084033,-0.999999999808512,0.9999999999662901,0.5842099600125521,0.48766445371084033,0.47908216440901935,0.03860819575401884,0.2653651131289845,0.044100514164958186,-0.2559065781320191,0.11637500950338121,True,7.566067133074428,254
38,slope_event_constant,420,16,149,22.172619047619047,0.5031220520667578,0.8896042211501699,2.908646297818761e-05,1.4237615811576934,0.03206429826951738,120,0.3959731543624161,1.0,0.8893407467376404,0.0,149,0.8893407467376404,0.0,0.0,0.8893407467376404,0.8893407467376404,149,0.5275021115056584,0.04758618110752522,0.02805883617285425,0.9570400012658158,0.6153515146026817,0.4427648650953147,0.5275021115056584,0.04758618110752522,0.3012993953886965,0.04673478425792059,-0.21008680223219284,0.1308402623872161,True,7.9008196562760205,251
38,overshoot_event_constant,420,16,149,22.172619047619047,0.5031221255516364,0.8896051925294438,2.9085951113272447e-05,1.4237615811576934,0.03206429826951738,120,0.3959731543624161,1.0,0.8893417204352421,0.0,149,0.8893417204352421,0.0,0.0,0.8893417204352421,0.8893417204352421,149,0.301301284667466,0.046734889926281546,0.0038229331627788786,0.8895097324059946,0.6153515146026834,0.44276486509531804,0.5275022420473925,0.04758622100175782,0.301301284667466,0.046734889926281546,-0.21008680223219284,0.1308402623872161,True,7.90082003690311,251
38,isi_event_constant,420,16,112,16.666666666666668,0.6109789570260753,0.13038647543208243,0.0018048393367814703,3.1440476072574404,0.14648910411622276,120,0.8303571428571429,1.0,0.12831102549277953,0.0,112,0.12831102549277953,0.0,0.0,0.12831102549277953,0.12831102549277953,112,-0.46949821168311084,0.0485722534580437,-1.0,-0.21874432928295773,0.4953382255222144,0.6296425696548696,0.37585311308159713,0.006067120436687256,0.19688656772589144,0.017211875979191726,-0.46949821168311084,0.0485722534580437,True,6.971616337419206,214
38,isi_distribution_random,420,16,112,16.666666666666668,0.610978955244592,0.13038647462726002,0.001804839340137048,3.1440476072574404,0.14648910411622276,120,0.8303571428571429,1.0,0.12831102471640748,1.490698044112343e-14,112,0.12831103259901241,1.4891658412269676e-14,1.5555595073455963,0.12831078135055363,0.12831138839890943,112,-0.46949821168311084,0.0485722534580437,-1.0,-0.21874432928295773,0.49533822318271625,0.629642581021721,0.37585310847873227,0.006067122728326065,0.19688655578206454,0.017211876008966502,-0.46949821168311084,0.0485722534580437,True,6.97161632581043,214
38,sign_projection,420,16,136,20.238095238095237,0.5244506180486975,0.7936904761904763,0.07396018990929706,1.6614845887064795,0.046004527238512796,120,0.5,1.0,0.7980952380952381,0.07113922902494331,136,0.6705882352941177,0.13089965397923878,0.8645052513401992,0.1,0.9,136,0.3190790163381961,0.14903632080664128,-0.5202982016641087,0.7664893276693602,0.5057326516392247,0.5658990751581365,0.525997405053239,0.04841930825702785,0.2862982285559177,0.04927119381521373,-0.2882906493209559,0.10966159549917043,True,6.912187084235092,224
38,tanh_projection,420,16,144,21.42857142857143,0.4996560379260985,0.8185934913829798,0.07657005287047293,1.4765872972805887,0.034455221820264455,120,0.4513888888888889,1.0,0.8227304646419545,0.07437948751565253,144,0.7501400341619092,0.11216771341212516,1.5597110170075785,0.05,0.95,144,0.34138078445696496,0.1317157774993117,-0.5038413611887445,0.758750661697766,0.5612534196722915,0.47989052846055963,0.4958789018113657,0.04248619458367456,0.27654751297793323,0.050406117474425846,-0.24286217905741525,0.12104613498409503,True,6.638640655855448,214
38,distribution_random,420,16,151,22.470238095238095,0.5138529015762897,0.6930051590783792,0.11109907841860223,1.4616682393907554,0.03430519656962926,120,0.41721854304635764,1.0,0.6919489482265612,0.11125736077343759,151,0.6927837022597547,0.11095090583698285,0.8241369392848183,0.12831094353493544,0.8893483437241188,151,0.35117194996023315,0.10987722627790455,-0.4843183644027649,0.7880807500615193,0.6019695536613835,0.45206001035732096,0.4651780566941372,0.03694960360010742,0.24269445832104097,0.033477838177903625,-0.21157277213005357,0.12087718882251001,True,7.757111072315415,261
38,time_shifted,420,16,149,22.172619047619047,0.5031220341279363,0.778576372123513,0.07214929609796165,1.4237615811576934,0.03206429826951738,120,0.3959731543624161,1.0,0.7813336182469462,0.07019481754253938,149,0.8893405013393991,8.07723252778667e-17,0.0,0.8893404834409964,0.8893405313498606,149,0.38119360423761356,0.12754501903272855,-0.4783555307261281,0.8120083588464252,0.6153515151338155,0.44276486430035294,0.5275020784929428,0.04758617114819663,0.3012989267152681,0.046734757159105876,-0.21008680223219284,0.1308402623872161,True,7.9008195604322475,251
38,state_shuffled,420,16,144,21.42857142857143,0.5085558080944226,0.7822765348160038,0.06990972244726275,1.2404761868581349,0.019010195466653404,120,0.2986111111111111,1.0,0.7852972575551327,0.06801888962323127,144,0.6937987033491448,0.11057631381364717,0.8221004037117994,0.1283111212878475,0.8893454975357953,144,0.3310409224737216,0.1289508868069448,-0.49743282784023324,0.7781168639885372,0.5650153075513554,0.5033258806374322,0.4634265415425199,0.042074477865519405,0.25298837144223496,0.04201842736470637,-0.24385045824392904,0.12067368883123371,True,7.661298799334806,254
38,disabled,420,16,158,23.511904761904763,0.4788299147824163,1.0,0.0,1.3073538241317477,0.022111820950406667,120,0.37341772151898733,1.0,1.0,0.0,158,1.0,0.0,0.0,1.0,1.0,158,0.3852369631473793,0.12319212967721384,-0.49509278913744803,0.8162816260330551,0.6197336127686212,0.43564561955751174,0.5273940649121589,0.04419959217331304,0.26722338225692527,0.044057291886418055,-0.17294252763323806,0.14129282945326394,True,7.526588840891593,272
53,kernel_projection,420,16,129,19.196428571428573,0.5001113139835195,0.7923553441483449,0.06429619744443361,1.4835548124455689,0.03533149739067391,120,0.3643410852713178,1.0,0.7963952957178878,0.06175931278332494,129,0.6533630990337497,0.12390061586103354,0.893262920915472,0.1283109703808636,0.8893718708860796,129,0.24277706076716246,0.12595356825471762,-0.47345226490893116,0.7112455395751922,0.4356897414934304,0.6116419635782984,0.41742543027332824,0.025419302740709186,0.22470273085638462,0.030833333948790797,-0.34780301513499734,0.09062314555256502,True,0.0,0
53,kernel_ei_only,420,16,129,19.196428571428573,0.506892978705061,0.7921354048597135,0.06427393477734283,1.4060354328529963,0.030846317002047242,120,0.3488372093023256,1.0,0.7959422900128106,0.0620197076711499,128,0.6756465979893644,0.10924540555317175,1.1051056809897317,0.12831078135055457,0.8893425156377393,129,0.4238723040143235,0.6218768074824639,-0.9999999943158473,0.9999999999572019,0.4238723040143235,0.6218768074824639,0.3974305556374992,0.01864178977885499,0.21810651892704655,0.02352003011066188,-0.34604517053595346,0.09304902061087882,True,6.2691450036952405,208
53,kernel_slope_only,420,16,139,20.68452380952381,0.48547444697221975,0.7892998939560684,0.06601823358072177,1.4316375427793617,0.03414822882105015,120,0.3669064748201439,1.0,0.788809917067097,0.06606317307035514,139,0.8893407523240997,4.1784489124336014e-14,1.6199681013679978,0.8893405247328483,0.889342393888968,139,0.4378528921730817,0.023165039814099547,0.07347840115462324,0.9002857027422375,0.4134713419823553,0.6337867730735932,0.4378528921730817,0.023165039814099547,0.22525770371446804,0.030263200041129472,-0.2902337978039002,0.10322503037946691,True,6.71999447700385,230
53,kernel_overshoot_only,420,16,139,20.68452380952381,0.48547267036767894,0.7892999849411377,0.06601825151400816,1.4316375427793617,0.03414822882105015,120,0.3669064748201439,1.0,0.7888099169908668,0.06606317276311903,139,0.8893451547122916,9.840626408625827e-10,0.12303894779118976,0.8893405572941261,0.8896972524766829,139,0.2252449028634269,0.030265792299575153,0.0004150901707889371,0.752740622696111,0.4134696587970665,0.6337895059501445,0.4378536289901162,0.023164910100337534,0.2252449028634269,0.030265792299575153,-0.2902337978039002,0.10322503037946691,True,6.719988231631601,230
53,kernel_isi_only,420,16,112,16.666666666666668,0.594154303842797,0.7992633967525415,0.0603312408001644,4.4476190309404755,0.23486682808716708,120,0.9017857142857143,1.0,0.8116837464145197,0.052732633557370706,112,0.12831102423516752,1.4022797130767217e-14,1.5956711249375262,0.12831078135055363,0.12831133707729264,112,-0.46972040745628424,0.048367092137455533,-1.0,-0.23421422804977587,0.4530498315992647,0.5758511087912408,0.3710354780762325,0.0022772958673148206,0.19937129589881836,0.011756231659401591,-0.46972040745628424,0.048367092137455533,True,6.571425153619487,203
53,event_constant,420,16,128,19.047619047619047,0.535054428703767,0.6541884249884311,0.0002854072682863529,1.788988089367978,0.05797723671774957,120,0.5078125,1.0,0.6533630990337497,0.0,128,0.6533630990337497,0.0,0.0,0.6533630990337497,0.6533630990337497,128,0.23131532835567478,0.11385031209291865,-0.5035561058327537,0.6523551141553724,0.4304163051982162,0.5799778692207267,0.4036840513070486,0.017875698320127385,0.19264370987652374,0.021082497331676213,-0.35334381515926205,0.08597903576823475,True,6.765519481488867,221
53,ei_event_constant,420,16,130,19.345238095238095,0.526985819180364,0.6764188679941516,0.000249892002363213,1.6135531083400956,0.04634880360564326,120,0.45384615384615384,1.0,0.6756465979893644,0.0,130,0.6756465979893644,0.0,0.0,0.6756465979893644,0.6756465979893644,130,0.42963091138188036,0.5985196883530143,-0.9999999977595239,0.9999999999332216,0.42963091138188036,0.5985196883530143,0.41122201621730065,0.020797590371270953,0.20872284695990168,0.023641520253848896,-0.34289655855354256,0.08903628591388811,True,6.793348436727762,231
53,slope_event_constant,420,16,139,20.68452380952381,0.4854744399815427,0.8896042267233281,2.908646004141852e-05,1.4316375427793617,0.03414822882105015,120,0.3669064748201439,1.0,0.8893407523240997,0.0,139,0.8893407523240997,0.0,0.0,0.8893407523240997,0.8893407523240997,139,0.43785289951676865,0.023165039467016087,0.07347844170564485,0.9002857031138887,0.413471335778395,0.6337867822873879,0.43785289951676865,0.023165039467016087,0.22525760123871735,0.030263203520890597,-0.2902337978039002,0.10322503037946691,True,6.719994432485477,230
53,overshoot_event_constant,420,16,139,20.68452380952381,0.4854745335857503,0.8896086186296434,2.9084145777698193e-05,1.4316375427793617,0.03414822882105015,120,0.3669064748201439,1.0,0.8893451547122916,0.0,139,0.8893451547122916,0.0,0.0,0.8893451547122916,0.8893451547122916,139,0.22526111434827795,0.0302635173205289,0.0004168294784070213,0.7527439529393813,0.41347133577848344,0.633786782287538,0.43785337443437156,0.023165165621906684,0.22526111434827795,0.0302635173205289,-0.2902337978039002,0.10322503037946691,True,6.71999509518755,230
53,isi_event_constant,420,16,112,16.666666666666668,0.594154300614834,0.13038647417746474,0.001804839341989263,4.4476190309404755,0.23486682808716708,120,0.9017857142857143,1.0,0.12831102423516752,0.0,112,0.12831102423516752,0.0,0.0,0.12831102423516752,0.12831102423516752,112,-0.46972040745628424,0.048367092137455533,-1.0,-0.23421422804977587,0.45304983100435586,0.575851108917669,0.3710354795486753,0.002277295401221787,0.19937128999696366,0.011756237173337984,-0.46972040745628424,0.048367092137455533,True,6.571425133247541,203
53,isi_distribution_random,420,16,112,16.666666666666668,0.594154298229698,0.13038647345482993,0.0018048393450024421,4.4476190309404755,0.23486682808716708,120,0.9017857142857143,1.0,0.12831102333959532,1.3740665955900422e-14,112,0.12831103984246892,1.1611889808842051e-14,1.5474669459591224,0.12831078135055363,0.1283112929513362,112,-0.46972040745628424,0.048367092137455533,-1.0,-0.23421422804977587,0.45304980779136744,0.5758511474186616,0.37103547939013604,0.002277295572576145,0.19937127519504091,0.01175623977341326,-0.46972040745628424,0.048367092137455533,True,6.571425115506529,203
53,sign_projection,420,16,128,19.047619047619047,0.4939741531863434,0.7978571428571429,0.07149540816326531,1.5077380902908295,0.036767963629767135,120,0.40625,1.0,0.8021428571428573,0.06870969387755103,128,0.6625,0.13359375,0.877437311089633,0.1,0.9,128,0.2548906747923719,0.11830002706116012,-0.4747263448608045,0.7178401230883767,0.4727388504919912,0.585973674903006,0.4132173677218143,0.02541095609813322,0.2107540179028702,0.02156784680122604,-0.3456115501015437,0.09350860944619313,True,4.173078547513321,93
53,tanh_projection,420,16,132,19.642857142857142,0.4820848910346294,0.8222582402116925,0.07415358423948612,1.2614718574580872,0.020619811830823984,120,0.2878787878787879,1.0,0.8268689533012988,0.07143229958571565,132,0.6973251808681588,0.13927044393926336,1.5351644454564648,0.05,0.95,132,0.24171842686154238,0.12722186101799576,-0.507559463104244,0.6879512419702289,0.4398355584502154,0.631506822588282,0.4011787484920363,0.025775663299504693,0.20535519367515576,0.026159713202539403,-0.3265688134641311,0.09465987628311814,True,5.784160375915347,205
53,distribution_random,420,16,128,19.047619047619047,0.5406262912903951,0.6537082479517979,0.12403041791255522,1.554613090137021,0.040454138559846545,120,0.4453125,1.0,0.6526520335746964,0.12410569167264193,128,0.6217915764288241,0.1320299991828362,0.9354557645575772,0.1283109703808636,0.8893411907731996,128,0.22638624411914024,0.13716358775888848,-0.48500381696798023,0.6889712082808194,0.39329124518797326,0.668330568745231,0.4114547421173308,0.020656831208599107,0.24477749137672394,0.02491127422571034,-0.3525528159594518,0.08653686569920925,True,7.4463641200032535,225
53,time_shifted,420,16,139,20.68452380952381,0.48547443493505404,0.784580438627187,0.06887299379075172,1.4316375427793617,0.03414822882105015,120,0.3669064748201439,1.0,0.7888099172737194,0.06606317286966198,139,0.8893405015993133,5.364775625963729e-17,0.0,0.8893404889784162,0.8893405191595112,139,0.2505936035682258,0.13836514650847154,-0.47749144501801555,0.6576918777190186,0.4134713360166274,0.6337867820360639,0.4378528723238692,0.023165032315460216,0.22525740427591684,0.030263185758961645,-0.2902337978039002,0.10322503037946691,True,6.719994394669118,230
53,state_shuffled,420,16,128,19.047619047619047,0.5098562733567654,0.7925818277944032,0.06416771261168175,1.554613090137021,0.041278588433706416,120,0.46875,1.0,0.797074754451377,0.061368085849392275,128,0.6931377994855278,0.11082049953638333,0.8234274317947734,0.12831104362577678,0.8893423970972629,128,0.23439015226890653,0.1341852674941352,-0.5302363643935767,0.6941974415841342,0.40916796653626386,0.6303743104445062,0.4280600862653965,0.025113202480414716,0.21746611624987533,0.02858079371183299,-0.3445598667471473,0.09544542287806491,True,6.837345277897728,219
53,disabled,420,16,142,21.130952380952383,0.46763989258128497,1.0,0.0,1.323876588974986,0.026269875675711974,120,0.29577464788732394,1.0,1.0,0.0,142,1.0,0.0,0.0,1.0,1.0,142,0.29449175910230374,0.12884236520300468,-0.4685144996112989,0.6725880508992883,0.49330716518903817,0.5684536759772598,0.46685492018587543,0.029344571944679692,0.22582477454549532,0.02829300705080243,-0.26709276600802345,0.10978621808070496,True,7.089891900334278,231
71,kernel_projection,420,16,144,21.42857142857143,0.5464214683746905,0.7872592606472971,0.0671599077648063,1.462698408432209,0.03193885349487551,120,0.4583333333333333,1.0,0.788581239298728,0.06619232728033314,144,0.8153526700958775,0.05083264758603512,0.460127886147135,0.128311075778207,0.889354662695111,144,0.4029292923606199,0.053430491688712466,-0.36599931470248775,0.7112604876776969,0.7606194838187352,0.19659063238527216,0.4608582148607334,0.03642981208023506,0.24977603775894197,0.030571238076294922,-0.2699973027294942,0.09607077658430031,True,0.0,0
71,kernel_ei_only,420,16,146,21.726190476190478,0.537827520842111,0.7886790943661565,0.066094273957886,1.4606001262614177,0.03361188411668057,120,0.4315068493150685,1.0,0.7892608411024445,0.06581163711292216,145,0.8396718897512501,0.022681217535225152,0.6136627704574573,0.12831080189096178,0.8893443921483943,146,0.778516468597231,0.16112345166137867,-0.8921819655026016,0.9999999999529178,0.778516468597231,0.16112345166137867,0.4693004304429757,0.03579917782458817,0.2592911699097227,0.03537034533699739,-0.2552239496194209,0.10083199158701511,True,6.193296597381904,196
71,kernel_slope_only,420,16,149,22.172619047619047,0.5414026852244519,0.7859003745468183,0.06791505525461519,1.3834931248953628,0.02746731732567392,120,0.4228187919463087,1.0,0.7854103957341021,0.06795666193478697,148,0.8893408622781152,8.104984852861295e-13,0.4449773549329746,0.8893405256686313,0.8893488273408314,149,0.47228756483522466,0.036501219308597635,0.017655950956118084,0.895242649849432,0.7803940088690282,0.17871354964956926,0.47228756483522466,0.036501219308597635,0.24525748215947601,0.036100047762953995,-0.24341024100211625,0.10329804186361083,True,6.910578493103723,241
71,kernel_overshoot_only,420,16,149,22.172619047619047,0.5414030794877129,0.785900417784266,0.06791506419656483,1.3834931248953628,0.02746731732567392,120,0.4228187919463087,1.0,0.7854103957080697,0.06795666192451451,148,0.8893428266742791,7.848748599143384e-11,0.3870934815294085,0.8893405257597293,0.8894312290753297,149,0.24526248588752364,0.03610027781211923,0.0016418696977192697,0.8947547273236212,0.7803941972307584,0.17871320942458743,0.47228794438780924,0.03650140747390559,0.24526248588752364,0.03610027781211923,-0.24341024100211625,0.10329804186361083,True,6.910579889282148,241
71,kernel_isi_only,420,16,112,16.666666666666668,0.6028290104481161,0.7999427696733467,0.05993618490112769,4.179761889087797,0.21670702179176757,120,0.9375,1.0,0.8123631193086391,0.05232070159933678,112,0.12831102595254187,1.483288341618886e-14,1.5027217632532452,0.12831078135055363,0.12831133707729264,112,-0.46896677720934704,0.04863746586430826,-1.0,-0.23421422804977587,0.5841996908079501,0.3116203886970275,0.36899303910804715,0.002122720946782565,0.17885055657082383,0.01200964219612974,-0.46896677720934704,0.04863746586430826,True,6.6617378818901765,206
71,event_constant,420,16,140,20.833333333333336,0.555250272719267,0.8157923065956493,8.098442555931096e-05,1.509523804995238,0.03555174696620971,120,0.4357142857142857,1.0,0.8153526700958775,0.0,140,0.8153526700958775,0.0,0.0,0.8153526700958775,0.8153526700958775,140,0.4032355483702069,0.04335503738776918,-0.10120072970181236,0.6854063196285353,0.7781212226879618,0.153607158648233,0.4497171152007444,0.03110947370256817,0.2421258091845079,0.03416361859144175,-0.2838054544142006,0.09561887998797058,True,6.666074259978622,230
71,ei_event_constant,420,16,143,21.279761904761905,0.5476506980429975,0.8400536233470803,6.105690549975565e-05,1.4427405885031725,0.032244087618313585,120,0.4195804195804196,1.0,0.8396718897512501,0.0,142,0.8396718897512501,0.0,0.0,0.8396718897512501,0.8396718897512501,143,0.7510768216370288,0.18134348677224107,-0.4824480037475446,0.9999999999500851,0.7510768216370288,0.18134348677224107,0.4396402574498374,0.028478344766801507,0.235775816394629,0.032269803200699866,-0.26112550127717016,0.10051629179945104,True,7.326002152819071,231
71,slope_event_constant,420,16,149,22.172619047619047,0.541402670031535,0.8896043364155483,2.9086402239263615e-05,1.3834931248953628,0.02746731732567392,120,0.4228187919463087,1.0,0.8893408622781152,0.0,148,0.8893408622781152,0.0,0.0,0.8893408622781152,0.8893408622781152,149,0.47228758789274716,0.03650122105146562,0.017655987925681814,0.8952426932091039,0.780393981770193,0.1787136122697021,0.47228758789274716,0.03650122105146562,0.24525738056360188,0.03610000476356017,-0.24341024100211625,0.10329804186361083,True,6.910578382269117,241
71,overshoot_event_constant,420,16,149,22.172619047619047,0.54140287279212,0.8896062961345784,2.908536957786728e-05,1.3834931248953628,0.02746731732567392,120,0.4228187919463087,1.0,0.8893428266742791,0.0,148,0.8893428266742791,0.0,0.0,0.8893428266742791,0.8893428266742791,149,0.2452608711537426,0.03609988159711496,0.00164881943456322,0.8947548018586211,0.7803939817701984,0.1787136122697048,0.4722878300209014,0.03650127771310162,0.2452608711537426,0.03609988159711496,-0.24341024100211625,0.10329804186361083,True,6.910579088892068,241
71,isi_event_constant,420,16,112,16.666666666666668,0.6028290081689169,0.13038647589075011,0.001804839334877587,4.179761889087797,0.21670702179176757,120,0.9375,1.0,0.12831102595254187,0.0,112,0.12831102595254187,0.0,0.0,0.12831102595254187,0.12831102595254187,112,-0.46896677720934704,0.04863746586430826,-1.0,-0.23421422804977587,0.5841996891408429,0.31162038950024396,0.36899303791523863,0.002122720851158533,0.17885056139510933,0.012009643308410634,-0.46896677720934704,0.04863746586430826,True,6.661737855764517,206
71,isi_distribution_random,420,16,112,16.666666666666668,0.6028290071683183,0.1303864772745164,0.0018048393291481193,4.179761889087797,0.21670702179176757,120,0.9375,1.0,0.1283110269708162,1.4542029226044077e-14,112,0.12831104178215436,1.2550267101883423e-14,1.4478955817747297,0.12831078135055363,0.1283112929513362,112,-0.46896677720934704,0.04863746586430826,-1.0,-0.23421422804977587,0.5841996459566751,0.3116204510914429,0.3689930318555984,0.002122721326862868,0.1788505376433251,0.012009649395903599,-0.46896677720934704,0.04863746586430826,True,6.661737845032245,206
71,sign_projection,420,16,144,21.42857142857143,0.5532181000485997,0.7941666666666667,0.07368025793650794,1.4488095195838293,0.031328729309871906,120,0.4652777777777778,1.0,0.7957142857142857,0.0725530612244898,144,0.8166666666666668,0.05972222222222222,0.4820661480830931,0.1,0.9,144,0.4040988005183795,0.056285996833023516,-0.40179385820919233,0.6999608715124757,0.7567776711490819,0.19964295054729783,0.4698591307677858,0.03703888528479326,0.25259099050731465,0.034409522609411575,-0.2698284960464848,0.09630377409851809,True,2.1495614771457388,64
71,tanh_projection,420,16,152,22.61904761904762,0.5169580075114075,0.8155232838094645,0.07693535986059007,1.545989970665529,0.041087279977021406,120,0.46710526315789475,1.0,0.8168764248654702,0.07651729034911617,152,0.8824853754517943,0.03001370143074314,0.99518020621973,0.30571622489150085,0.95,152,0.44351130138300665,0.041929537903183246,-0.10252793409227713,0.7138936863074641,0.8192028222948649,0.13014591653492735,0.4879078482543346,0.0356605095691392,0.26981390798651145,0.04361276650594778,-0.23309437898249852,0.09904453814878676,True,6.67392431337486,214
71,distribution_random,420,16,147,21.875,0.5326327599921644,0.8181452661987031,0.049342597506358124,1.4391156421467441,0.031188166948799237,120,0.43537414965986393,1.0,0.8175420511780054,0.04948573597290999,146,0.8215788735907587,0.04697699713670249,0.43326099547253494,0.128311075778207,0.889354662695111,147,0.42540418250556156,0.04530603318001135,-0.23816856130820863,0.681790881570587,0.8109503095182303,0.15068564491152786,0.4573743816870755,0.030798735454929574,0.24161207451994093,0.0371050809090255,-0.24780673950745297,0.10107091500593685,True,7.12128664019224,239
71,time_shifted,420,16,149,22.172619047619047,0.5414026324423233,0.784578384252571,0.06887554638229404,1.3834931248953628,0.02746731732567392,120,0.4228187919463087,1.0,0.7854103957723038,0.06795666194372132,148,0.889340501579485,6.660716196055575e-17,0.0,0.8893404870694415,0.8893405187181336,149,0.41833594040039723,0.052239272590870654,-0.36295420552506913,0.688719006726747,0.7803939814835422,0.17871361265460722,0.4722875432317425,0.03650121058452412,0.2452567346631197,0.03610002818320451,-0.24341024100211625,0.10329804186361083,True,6.910578251080889,241
71,state_shuffled,420,16,134,19.94047619047619,0.5459149297441643,0.7922421373051463,0.06436040757403119,1.5466240178957982,0.038677928353665667,120,0.4552238805970149,1.0,0.7943568666128635,0.06292756771800108,134,0.6962439182430056,0.10966596225296946,0.8171387756817723,0.1283111212878475,0.889355791135333,134,0.358823802602964,0.07031915710685166,-0.40186350576583946,0.6816514440276596,0.6993507480377535,0.2925105999502609,0.4341203278441265,0.03113326833320319,0.23741170270829107,0.03513577711512823,-0.3252916698970637,0.08820803025849663,True,7.259750584093828,212
71,disabled,420,16,155,23.06547619047619,0.5138571842211334,1.0,0.0,1.4309523770749617,0.030512746874430053,120,0.44516129032258067,1.0,1.0,0.0,155,1.0,0.0,0.0,1.0,1.0,155,0.454139316949826,0.044370053642525095,-0.11067995800303004,0.7371196800647513,0.8153869085352435,0.12520907450222568,0.5135380325829149,0.039983443034784634,0.28517722622823427,0.045672175320893266,-0.21588269272117655,0.10706072386271227,True,7.584400416708362,259
