seed,variant,gate_timing,gate_mode,gate_perturbation,steps,neuron_count,total_spikes,mean_firing_rate_hz,normalized_voltage_energy,mean_gate,gate_variance,population_spike_count_fano,mean_pairwise_spike_correlation,pairwise_correlation_pairs,binned_coincidence_rate,active_fraction,globally_computed_gate_mean,globally_computed_gate_variance,effective_gate_count,effective_gate_mean,effective_gate_variance,effective_gate_minimum,effective_gate_maximum,finite,voltage_rmse_vs_timing_reference,spike_disagreement_vs_timing_reference
11,reset_kernel,reset_locked,kernel,none,420,24,168,16.666666666666668,0.6138901802760401,0.8117969062883376,0.05266405564614616,4.8976190353749995,0.17307084956311192,276,0.9107142857142857,1.0,0.8117969062883376,0.05266405564614616,168,0.1283111212878475,0.0,0.1283111212878475,0.1283111212878475,True,0.0,0
11,reset_global_constant,reset_locked,constant,none,420,24,246,24.404761904761905,0.5099538886955562,0.8117969062883376,0.0,1.4468060370188096,0.024045193123161668,276,0.491869918699187,1.0,0.8117969062883376,0.0,246,0.8117969062883374,1.232595164407831e-32,0.8117969062883376,0.8117969062883376,True,7.776360385727884,382
11,reset_event_constant,reset_locked,constant,none,420,24,168,16.666666666666668,0.6138901802760401,0.1283111212878475,0.0,4.8976190353749995,0.17307084956311192,276,0.9107142857142857,1.0,0.1283111212878475,0.0,168,0.1283111212878475,0.0,0.1283111212878475,0.1283111212878475,True,0.0,0
11,reset_distribution_random,reset_locked,random,none,420,24,168,16.666666666666668,0.6138901802760401,0.1283111212878475,0.0,4.8976190353749995,0.17307084956311192,276,0.9107142857142857,1.0,0.1283111212878475,0.0,168,0.1283111212878475,0.0,0.1283111212878475,0.1283111212878475,True,0.0,0
11,reset_time_shifted,reset_locked,kernel,time_shifted,420,24,256,25.396825396825395,0.501898500399802,0.7704612686646519,0.0762317777151983,1.3904761881949403,0.01984376213544776,276,0.5078125,1.0,0.7699712972926567,0.07625825700448405,256,0.889340493655377,7.29973046451741e-17,0.8893404779579255,0.8893405249834982,True,7.9273553541723505,390
11,reset_state_shuffled,reset_locked,kernel,state_shuffled,420,24,240,23.80952380952381,0.4958449779305157,0.7779739208177368,0.0720148425537564,1.461904759346429,0.02188156531009331,276,0.525,1.0,0.7779739208177368,0.0720148425537564,240,0.7212800794419839,0.09965467326650378,0.1283111212878475,0.8893479008049885,True,7.565029230521187,362
11,emission_kernel,emission_state,kernel,none,420,24,256,25.396825396825395,0.5018984995804587,0.7704612685377189,0.07623177768775648,1.3904761881949403,0.01984376213544776,276,0.5078125,1.0,0.7699712972908863,0.07625825700679899,256,0.8893404887270933,6.975881145448872e-17,0.8893404673055569,0.8893405081659036,True,0.0,0
11,emission_event_constant,emission_state,constant,none,420,24,256,25.396825396825395,0.5018984999836221,0.8896039637539335,2.9086598612990034e-05,1.3904761881949403,0.01984376213544776,276,0.5078125,1.0,0.8893404887270934,1.232595164407831e-32,256,0.8893404887270933,0.0,0.8893404887270933,0.8893404887270933,True,2.335460775598973e-08,0
11,emission_distribution_random,emission_state,random,none,420,24,256,25.396825396825395,0.5018985003160976,0.8896039636010672,2.9086598693612842e-05,1.3904761881949403,0.01984376213544776,276,0.5078125,1.0,0.8893404885878964,6.992687666634663e-17,256,0.8893404889185211,7.019731776744477e-17,0.8893404745295747,0.8893405030001451,True,3.2076476130906204e-08,0
11,emission_time_shifted,emission_state,kernel,time_shifted,420,24,256,25.396825396825395,0.5018985013203424,0.7709512401294094,0.07620481792176804,1.3904761881949403,0.01984376213544776,276,0.5078125,1.0,0.7699712972960018,0.07625825700017513,256,0.8893404988247374,9.738538830889406e-17,0.8893404783471058,0.8893405551027795,True,3.595341358896511e-08,0
11,emission_state_shuffled,emission_state,kernel,state_shuffled,420,24,244,24.206349206349206,0.5139516742767358,0.7758971235233356,0.07335785607139707,1.3288836823339667,0.017137005817099094,276,0.5,1.0,0.7754071525947955,0.0733896628237008,244,0.7677008234028897,0.07777523236028497,0.1283111212878475,0.8893497070038027,True,8.191915892083802,424
23,reset_kernel,reset_locked,kernel,none,420,24,169,16.765873015873016,0.6157681540706554,0.8117974840218906,0.05266320443536685,4.597619036193011,0.16046417337321292,276,0.9349112426035503,1.0,0.8117974840218906,0.05266320443536685,169,0.1283111212878475,0.0,0.1283111212878475,0.1283111212878475,True,0.0,0
23,reset_global_constant,reset_locked,constant,none,420,24,270,26.78571428571429,0.4968361725544354,0.8117974840218906,0.0,1.3497354476358614,0.01834009864381216,276,0.5370370370370371,1.0,0.8117974840218906,0.0,269,0.8117974840218906,0.0,0.8117974840218906,0.8117974840218906,True,8.064863275896387,391
23,reset_event_constant,reset_locked,constant,none,420,24,169,16.765873015873016,0.6157681540706554,0.1283111212878475,0.0,4.597619036193011,0.16046417337321292,276,0.9349112426035503,1.0,0.1283111212878475,0.0,169,0.1283111212878475,0.0,0.1283111212878475,0.1283111212878475,True,0.0,0
23,reset_distribution_random,reset_locked,random,none,420,24,169,16.765873015873016,0.6157681540706554,0.1283111212878475,0.0,4.597619036193011,0.16046417337321292,276,0.9349112426035503,1.0,0.1283111212878475,0.0,169,0.1283111212878475,0.0,0.1283111212878475,0.1283111212878475,True,0.0,0
23,reset_time_shifted,reset_locked,kernel,time_shifted,420,24,280,27.77777777777778,0.49169759258627743,0.7662329990534236,0.07842672064174559,1.3761904741261908,0.01849322272236008,276,0.575,1.0,0.7658185269148848,0.07841025736131699,280,0.8893404923122472,8.451384338355789e-17,0.8893404751782812,0.8893405271881654,True,8.251260595248313,407
23,reset_state_shuffled,reset_locked,kernel,state_shuffled,420,24,240,23.80952380952381,0.5125813617815813,0.7792574913934105,0.07132200822205276,1.6619047589964289,0.03166076939054682,276,0.5916666666666667,1.0,0.7792574913934105,0.07132200822205276,239,0.6600769431217316,0.1219145964574387,0.1283111212878475,0.8893675286072603,True,7.22052367120488,347
23,emission_kernel,emission_state,kernel,none,420,24,280,27.77777777777778,0.49169759145166014,0.7662329988931535,0.07842672060258972,1.3761904741261908,0.01849322272236008,276,0.575,1.0,0.7658185269147553,0.07841025736159,280,0.889340486547189,7.383757194643859e-17,0.8893404658589379,0.8893405081165726,True,0.0,0
23,emission_event_constant,emission_state,constant,none,420,24,280,27.77777777777778,0.4916975912749503,0.8896039615792195,2.9086599758955715e-05,1.3761904741261908,0.01849322272236008,276,0.575,1.0,0.889340486547189,0.0,280,0.889340486547189,0.0,0.889340486547189,0.889340486547189,True,2.7818216007044036e-08,0
23,emission_distribution_random,emission_state,random,none,420,24,280,27.77777777777778,0.4916975912161584,0.889603961512792,2.9086599794033727e-05,1.3761904741261908,0.01849322272236008,276,0.575,1.0,0.8893404864858195,7.429565038336171e-17,280,0.8893404862675837,7.471011786364427e-17,0.8893404716806352,0.8893405013152494,True,3.5234485227626475e-08,0
23,emission_time_shifted,emission_state,kernel,time_shifted,420,24,280,27.77777777777778,0.4916975938215542,0.7667229703011407,0.07840390450550036,1.3761904741261908,0.01849322272236008,276,0.575,1.0,0.7658185269149349,0.07841025736110613,280,0.8893404985940584,1.3503686255139576e-16,0.8893404782701633,0.889340578191848,True,5.218050857033439e-08,0
23,emission_state_shuffled,emission_state,kernel,state_shuffled,420,24,253,25.099206349206348,0.49059115226081346,0.7737073669377958,0.0745229638031674,1.4569075827498732,0.022411727359616124,276,0.5731225296442688,1.0,0.7733683933011045,0.07447275660533571,253,0.6817877280531186,0.1148758353880395,0.1283111212878475,0.8894324710300732,True,8.594601069621143,485
38,reset_kernel,reset_locked,kernel,none,420,24,168,16.666666666666668,0.6158750485834871,0.8124763706859608,0.05225187389350846,5.111904749124999,0.18254553110853775,276,0.9047619047619048,1.0,0.8124763706859608,0.05225187389350846,168,0.1283111212878475,0.0,0.1283111212878475,0.1283111212878475,True,0.0,0
38,reset_global_constant,reset_locked,constant,none,420,24,252,25.0,0.5098099455405642,0.8124763706859608,0.0,1.4952380927460318,0.025354250783580362,276,0.5515873015873016,1.0,0.8124763706859608,0.0,252,0.8124763706859608,0.0,0.8124763706859608,0.8124763706859608,True,7.580903932756046,350
38,reset_event_constant,reset_locked,constant,none,420,24,168,16.666666666666668,0.6158750485834871,0.1283111212878475,0.0,5.111904749124999,0.18254553110853775,276,0.9047619047619048,1.0,0.1283111212878475,0.0,168,0.1283111212878475,0.0,0.1283111212878475,0.1283111212878475,True,0.0,0
38,reset_distribution_random,reset_locked,random,none,420,24,168,16.666666666666668,0.6158750485834871,0.1283111212878475,0.0,5.111904749124999,0.18254553110853775,276,0.9047619047619048,1.0,0.1283111212878475,0.0,168,0.1283111212878475,0.0,0.1283111212878475,0.1283111212878475,True,0.0,0
38,reset_time_shifted,reset_locked,kernel,time_shifted,420,24,267,26.48809523809524,0.4956830807579735,0.7683473472905163,0.07733357849644866,1.4953718542555412,0.02463064449915091,276,0.5880149812734082,1.0,0.7677063777181237,0.07743619033728268,267,0.8893404931209449,8.140617889946078e-17,0.8893404733956223,0.8893405195847075,True,7.96857277798014,375
38,reset_state_shuffled,reset_locked,kernel,state_shuffled,420,24,229,22.71825396825397,0.5132048704562961,0.7843911255088576,0.06851922244163987,1.6512684519517182,0.03123833733723761,276,0.5720524017467249,1.0,0.7843911255088576,0.06851922244163987,229,0.6733285064123818,0.11773066709522151,0.1283111212878475,0.8893969790118877,True,6.935057829832056,339
38,emission_kernel,emission_state,kernel,none,420,24,267,26.48809523809524,0.49568307984401744,0.7683473471457447,0.07733357846543913,1.4953718542555412,0.02463064449915091,276,0.5880149812734082,1.0,0.7677063777157536,0.07743619034072934,267,0.889340487744886,7.161643110114771e-17,0.8893404682347305,0.8893405080335899,True,0.0,0
38,emission_event_constant,emission_state,constant,none,420,24,267,26.48809523809524,0.49568307981468435,0.889603962774065,2.908659912933186e-05,1.4953718542555412,0.02463064449915091,276,0.5880149812734082,1.0,0.8893404877448859,1.232595164407831e-32,267,0.889340487744886,0.0,0.889340487744886,0.889340487744886,True,2.1778666285099037e-08,0
38,emission_distribution_random,emission_state,random,none,420,24,267,26.48809523809524,0.4956830798119803,0.889603962728121,2.9086599153614156e-05,1.4953718542555412,0.02463064449915091,276,0.5880149812734082,1.0,0.8893404876791479,7.228830273965709e-17,267,0.8893404882936338,7.231830462456269e-17,0.8893404731030615,0.8893405023147337,True,3.307911949039027e-08,0
38,emission_time_shifted,emission_state,kernel,time_shifted,420,24,267,26.48809523809524,0.49568308169379954,0.7688373188195242,0.07730869008285472,1.4953718542555412,0.02463064449915091,276,0.5880149812734082,1.0,0.7677063777209294,0.07743619033323315,267,0.889340499021363,1.1219551129291056e-16,0.8893404762329513,0.889340539278697,True,3.992053621425439e-08,0
38,emission_state_shuffled,emission_state,kernel,state_shuffled,420,24,239,23.710317460317462,0.5084895450317126,0.7805021276114362,0.0708771807934079,1.585764093646854,0.0299664095430717,276,0.5774058577405857,1.0,0.7802386529596631,0.07079060305822409,239,0.7333142310924404,0.0943967567333704,0.1283111212878475,0.8894210444043092,True,7.935402410388783,414
53,reset_kernel,reset_locked,kernel,none,420,24,168,16.666666666666668,0.6191301628463766,0.8123253486778261,0.052343587569411494,5.135714272874999,0.18359827350247396,276,0.9583333333333334,1.0,0.8123253486778261,0.052343587569411494,168,0.1283111212878475,0.0,0.1283111212878475,0.1283111212878475,True,0.0,0
53,reset_global_constant,reset_locked,constant,none,420,24,258,25.595238095238095,0.5018210424444602,0.8123253486778261,0.0,1.5640088568116357,0.02845246177204057,276,0.5581395348837209,1.0,0.8123253486778261,0.0,258,0.8123253486778261,0.0,0.8123253486778261,0.8123253486778261,True,7.990968762614431,366
53,reset_event_constant,reset_locked,constant,none,420,24,168,16.666666666666668,0.6191301628463766,0.1283111212878475,0.0,5.135714272874999,0.18359827350247396,276,0.9583333333333334,1.0,0.1283111212878475,0.0,168,0.1283111212878475,0.0,0.1283111212878475,0.1283111212878475,True,0.0,0
53,reset_distribution_random,reset_locked,random,none,420,24,168,16.666666666666668,0.6191301628463766,0.1283111212878475,0.0,5.135714272874999,0.18359827350247396,276,0.9583333333333334,1.0,0.1283111212878475,0.0,168,0.1283111212878475,0.0,0.1283111212878475,0.1283111212878475,True,0.0,0
53,reset_time_shifted,reset_locked,kernel,time_shifted,420,24,270,26.78571428571429,0.49216654848980573,0.7668373544907762,0.07811490413585118,1.497883595553557,0.025835097649251897,276,0.5740740740740741,1.0,0.7664228828296776,0.07809894186673147,269,0.8893404928237676,7.079551722357254e-17,0.8893404751130642,0.8893405161258023,True,8.228687501535154,394
53,reset_state_shuffled,reset_locked,kernel,state_shuffled,420,24,244,24.206349206349206,0.5010685592419365,0.7743499705622998,0.0739522899162833,1.5993754851470545,0.02875628028172148,276,0.5778688524590164,1.0,0.7743499705622998,0.0739522899162833,243,0.6951688215587408,0.11006769690811688,0.1283111212878475,0.8893548655232116,True,7.64000703426669,360
53,emission_kernel,emission_state,kernel,none,420,24,270,26.78571428571429,0.49216654741789745,0.7668373543434369,0.07811490410062573,1.497883595553557,0.025835097649251897,276,0.5740740740740741,1.0,0.7664228828291825,0.07809894186748334,269,0.8893404873212065,6.091189298662853e-17,0.8893404709006989,0.8893405081495764,True,0.0,0
53,emission_event_constant,emission_state,constant,none,420,24,270,26.78571428571429,0.4921665476062466,0.889603962351394,2.9086599352058248e-05,1.497883595553557,0.025835097649251897,276,0.5740740740740741,1.0,0.8893404873212065,0.0,269,0.8893404873212065,0.0,0.8893404873212065,0.8893404873212065,True,1.9720678850097732e-08,0
53,emission_distribution_random,emission_state,random,none,420,24,270,26.78571428571429,0.492166547383036,0.8896039623934624,2.9086599329950928e-05,1.497883595553557,0.025835097649251897,276,0.5740740740740741,1.0,0.8893404873945697,6.069796905255562e-17,269,0.8893404862911231,6.144060499109961e-17,0.8893404738928733,0.8893405006971022,True,3.056788823549188e-08,0
53,emission_time_shifted,emission_state,kernel,time_shifted,420,24,270,26.78571428571429,0.49216654972369805,0.7673273255765455,0.078091495565944,1.497883595553557,0.025835097649251897,276,0.5740740740740741,1.0,0.7664228828301927,0.07809894186594193,269,0.8893404988442946,1.0497419740791838e-16,0.8893404788989527,0.8893405476564188,True,3.909616399385824e-08,0
53,emission_state_shuffled,emission_state,kernel,state_shuffled,420,24,251,24.900793650793652,0.5023718177837817,0.7716691196119246,0.07559852939259844,1.4780781610630527,0.02447860157181052,276,0.5657370517928287,1.0,0.7712546487321547,0.07558657255260774,251,0.7256147825124519,0.09779294357963825,0.1283111212878475,0.8893500508903945,True,8.342867365542734,455
71,reset_kernel,reset_locked,kernel,none,420,24,168,16.666666666666668,0.6144054378509939,0.811570615238443,0.05280108255002745,4.314285703499999,0.1472786609116749,276,0.9464285714285714,1.0,0.811570615238443,0.05280108255002745,168,0.1283111212878475,0.0,0.1283111212878475,0.1283111212878475,True,0.0,0
71,reset_global_constant,reset_locked,constant,none,420,24,240,23.80952380952381,0.5154131653546851,0.811570615238443,0.0,1.461904759346429,0.025617559056872928,276,0.5,1.0,0.811570615238443,0.0,239,0.811570615238443,0.0,0.811570615238443,0.811570615238443,True,7.593112897228999,352
71,reset_event_constant,reset_locked,constant,none,420,24,168,16.666666666666668,0.6144054378509939,0.1283111212878475,0.0,4.314285703499999,0.1472786609116749,276,0.9464285714285714,1.0,0.1283111212878475,0.0,168,0.1283111212878475,0.0,0.1283111212878475,0.1283111212878475,True,0.0,0
71,reset_distribution_random,reset_locked,random,none,420,24,168,16.666666666666668,0.6144054378509939,0.1283111212878475,0.0,4.314285703499999,0.1472786609116749,276,0.9464285714285714,1.0,0.1283111212878475,0.0,168,0.1283111212878475,0.0,0.1283111212878475,0.1283111212878475,True,0.0,0
71,reset_time_shifted,reset_locked,kernel,time_shifted,420,24,247,24.503968253968253,0.5096795363814535,0.7771047771951844,0.07271150234070821,1.5778966620557067,0.030092573074903768,276,0.5546558704453441,1.0,0.776690313555022,0.07270404080989955,246,0.8893404944036254,7.320584652165565e-17,0.8893404816082358,0.8893405211440005,True,7.828373529525762,361
71,reset_state_shuffled,reset_locked,kernel,state_shuffled,420,24,233,23.115079365079367,0.5203574080164052,0.78189962565146,0.06988624813718995,1.415195174232164,0.022261720570932675,276,0.5064377682403434,1.0,0.78189962565146,0.06988624813718995,230,0.6974290851750795,0.10922025947275274,0.1283111212878475,0.8893500680207418,True,7.197949456056283,353
71,emission_kernel,emission_state,kernel,none,420,24,247,24.503968253968253,0.5096795355709715,0.7771047770630354,0.07271150231247626,1.5778966620557067,0.030092573074903768,276,0.5546558704453441,1.0,0.7766903135541269,0.07270404081112415,246,0.8893404890255605,6.406695022060623e-17,0.8893404743372669,0.88934050812738,True,0.0,0
71,emission_event_constant,emission_state,constant,none,420,24,247,24.503968253968253,0.5096795351828494,0.8896039640516901,2.9086598456087176e-05,1.5778966620557067,0.030092573074903768,276,0.5546558704453441,1.0,0.8893404890255604,1.232595164407831e-32,246,0.8893404890255605,0.0,0.8893404890255605,0.8893404890255605,True,2.3495756014301598e-08,0
71,emission_distribution_random,emission_state,random,none,420,24,247,24.503968253968253,0.5096795352207398,0.8896039641072905,2.9086598426851213e-05,1.5778966620557067,0.030092573074903768,276,0.5546558704453441,1.0,0.8893404890673869,6.288720738111805e-17,246,0.8893404899814179,5.975883868975681e-17,0.8893404752129274,0.8893405028132589,True,3.4326815333575654e-08,0
71,emission_time_shifted,emission_state,kernel,time_shifted,420,24,247,24.503968253968253,0.5096795371962224,0.7775947468936069,0.07267803442984874,1.5778966620557067,0.030092573074903768,276,0.5546558704453441,1.0,0.776690313555637,0.07270404080902958,246,0.8893404999726332,1.0776205514801333e-16,0.889340482648366,0.8893405451323045,True,3.899721413775834e-08,0
71,emission_state_shuffled,emission_state,kernel,state_shuffled,420,24,234,23.214285714285715,0.5172757219084992,0.7817855608125712,0.07017806790376084,1.5026861999890735,0.026195679180741907,276,0.5427350427350427,1.0,0.7812955896908703,0.07021564442404794,234,0.726727694292247,0.09731029724057229,0.1283111212878475,0.889348698451931,True,8.386737422691072,429
