seed,condition,variant,accuracy,spikes_per_correct
2609,medium_delay,full_kernel,0.833333333333,5.950000000000
2609,long_delay,full_kernel,0.916666666667,5.454545454545
2671,medium_delay,full_kernel,0.854166666667,5.731707317073
2671,long_delay,full_kernel,0.979166666667,5.212765957447
2741,medium_delay,full_kernel,0.916666666667,5.545454545455
2741,long_delay,full_kernel,0.916666666667,5.136363636364
2803,medium_delay,full_kernel,0.916666666667,5.454545454545
2803,long_delay,full_kernel,0.937500000000,5.311111111111
2879,medium_delay,full_kernel,0.875000000000,5.595238095238
2879,long_delay,full_kernel,0.979166666667,4.723404255319
2953,medium_delay,full_kernel,0.812500000000,6.307692307692
2953,long_delay,full_kernel,0.958333333333,5.217391304348
3023,medium_delay,full_kernel,0.833333333333,6.275000000000
3023,long_delay,full_kernel,0.895833333333,5.511627906977
3109,medium_delay,full_kernel,0.854166666667,6.292682926829
3109,long_delay,full_kernel,0.895833333333,5.906976744186
3181,medium_delay,full_kernel,0.958333333333,5.739130434783
3181,long_delay,full_kernel,0.937500000000,5.133333333333
3253,medium_delay,full_kernel,0.770833333333,7.351351351351
3253,long_delay,full_kernel,0.833333333333,6.275000000000
3323,medium_delay,full_kernel,0.875000000000,5.500000000000
3323,long_delay,full_kernel,0.979166666667,4.808510638298
3391,medium_delay,full_kernel,0.916666666667,5.227272727273
3391,long_delay,full_kernel,0.875000000000,5.619047619048
3463,medium_delay,full_kernel,0.833333333333,6.900000000000
3463,long_delay,full_kernel,0.833333333333,6.275000000000
3541,medium_delay,full_kernel,0.854166666667,5.829268292683
3541,long_delay,full_kernel,0.916666666667,5.204545454545
3613,medium_delay,full_kernel,0.895833333333,6.116279069767
3613,long_delay,full_kernel,0.916666666667,5.613636363636
3691,medium_delay,full_kernel,0.895833333333,5.488372093023
3691,long_delay,full_kernel,0.875000000000,6.142857142857
2609,medium_delay,without_dendrite,0.708333333333,94.970588235294
2609,long_delay,without_dendrite,0.729166666667,85.942857142857
2671,medium_delay,without_dendrite,0.854166666667,66.219512195122
2671,long_delay,without_dendrite,0.750000000000,72.527777777778
2741,medium_delay,without_dendrite,0.854166666667,69.804878048780
2741,long_delay,without_dendrite,0.645833333333,87.387096774194
2803,medium_delay,without_dendrite,0.854166666667,64.780487804878
2803,long_delay,without_dendrite,0.791666666667,67.657894736842
2879,medium_delay,without_dendrite,0.812500000000,74.205128205128
2879,long_delay,without_dendrite,0.750000000000,79.861111111111
2953,medium_delay,without_dendrite,0.875000000000,65.666666666667
2953,long_delay,without_dendrite,0.770833333333,72.972972972973
3023,medium_delay,without_dendrite,0.750000000000,78.472222222222
3023,long_delay,without_dendrite,0.812500000000,69.461538461538
3109,medium_delay,without_dendrite,0.708333333333,93.441176470588
3109,long_delay,without_dendrite,0.812500000000,77.846153846154
3181,medium_delay,without_dendrite,0.833333333333,81.550000000000
3181,long_delay,without_dendrite,0.687500000000,92.696969696970
3253,medium_delay,without_dendrite,0.833333333333,63.350000000000
3253,long_delay,without_dendrite,0.770833333333,66.000000000000
3323,medium_delay,without_dendrite,0.750000000000,82.972222222222
3323,long_delay,without_dendrite,0.750000000000,78.138888888889
3391,medium_delay,without_dendrite,0.812500000000,74.615384615385
3391,long_delay,without_dendrite,0.645833333333,92.290322580645
3463,medium_delay,without_dendrite,0.750000000000,79.000000000000
3463,long_delay,without_dendrite,0.729166666667,77.342857142857
3541,medium_delay,without_dendrite,0.770833333333,67.081081081081
3541,long_delay,without_dendrite,0.833333333333,62.150000000000
3613,medium_delay,without_dendrite,0.770833333333,72.945945945946
3613,long_delay,without_dendrite,0.708333333333,77.294117647059
3691,medium_delay,without_dendrite,0.791666666667,72.131578947368
3691,long_delay,without_dendrite,0.750000000000,73.361111111111
2609,medium_delay,without_eligibility,0.604166666667,8.206896551724
2609,long_delay,without_eligibility,0.562500000000,8.888888888889
2671,medium_delay,without_eligibility,0.687500000000,7.121212121212
2671,long_delay,without_eligibility,0.583333333333,8.750000000000
2741,medium_delay,without_eligibility,0.541666666667,9.384615384615
2741,long_delay,without_eligibility,0.645833333333,7.290322580645
2803,medium_delay,without_eligibility,0.625000000000,8.000000000000
2803,long_delay,without_eligibility,0.541666666667,9.192307692308
2879,medium_delay,without_eligibility,0.458333333333,10.681818181818
2879,long_delay,without_eligibility,0.520833333333,8.880000000000
2953,medium_delay,without_eligibility,0.687500000000,7.454545454545
2953,long_delay,without_eligibility,0.541666666667,9.230769230769
3023,medium_delay,without_eligibility,0.562500000000,9.296296296296
3023,long_delay,without_eligibility,0.479166666667,10.304347826087
3109,medium_delay,without_eligibility,0.520833333333,10.320000000000
3109,long_delay,without_eligibility,0.479166666667,11.043478260870
3181,medium_delay,without_eligibility,0.583333333333,9.428571428571
3181,long_delay,without_eligibility,0.500000000000,9.625000000000
3253,medium_delay,without_eligibility,0.625000000000,9.066666666667
3253,long_delay,without_eligibility,0.479166666667,10.913043478261
3323,medium_delay,without_eligibility,0.541666666667,8.884615384615
3323,long_delay,without_eligibility,0.333333333333,14.125000000000
3391,medium_delay,without_eligibility,0.500000000000,9.583333333333
3391,long_delay,without_eligibility,0.437500000000,11.238095238095
3463,medium_delay,without_eligibility,0.541666666667,10.615384615385
3463,long_delay,without_eligibility,0.500000000000,10.458333333333
3541,medium_delay,without_eligibility,0.625000000000,7.966666666667
3541,long_delay,without_eligibility,0.458333333333,10.409090909091
3613,medium_delay,without_eligibility,0.625000000000,8.766666666667
3613,long_delay,without_eligibility,0.625000000000,8.233333333333
3691,medium_delay,without_eligibility,0.583333333333,8.428571428571
3691,long_delay,without_eligibility,0.500000000000,10.750000000000
2609,medium_delay,without_products,0.500000000000,9.916666666667
2609,long_delay,without_products,0.479166666667,10.434782608696
2671,medium_delay,without_products,0.583333333333,8.392857142857
2671,long_delay,without_products,0.604166666667,8.448275862069
2741,medium_delay,without_products,0.458333333333,11.090909090909
2741,long_delay,without_products,0.520833333333,9.040000000000
2803,medium_delay,without_products,0.541666666667,9.230769230769
2803,long_delay,without_products,0.500000000000,9.958333333333
2879,medium_delay,without_products,0.354166666667,13.823529411765
2879,long_delay,without_products,0.479166666667,9.652173913043
2953,medium_delay,without_products,0.625000000000,8.200000000000
2953,long_delay,without_products,0.416666666667,12.000000000000
3023,medium_delay,without_products,0.625000000000,8.366666666667
3023,long_delay,without_products,0.458333333333,10.772727272727
3109,medium_delay,without_products,0.354166666667,15.176470588235
3109,long_delay,without_products,0.291666666667,18.142857142857
3181,medium_delay,without_products,0.458333333333,12.000000000000
3181,long_delay,without_products,0.479166666667,10.043478260870
3253,medium_delay,without_products,0.520833333333,10.880000000000
3253,long_delay,without_products,0.541666666667,9.653846153846
3323,medium_delay,without_products,0.437500000000,11.000000000000
3323,long_delay,without_products,0.312500000000,15.066666666667
3391,medium_delay,without_products,0.479166666667,10.000000000000
3391,long_delay,without_products,0.520833333333,9.440000000000
3463,medium_delay,without_products,0.541666666667,10.615384615385
3463,long_delay,without_products,0.416666666667,12.550000000000
3541,medium_delay,without_products,0.395833333333,12.578947368421
3541,long_delay,without_products,0.395833333333,12.052631578947
3613,medium_delay,without_products,0.395833333333,13.842105263158
3613,long_delay,without_products,0.500000000000,10.291666666667
3691,medium_delay,without_products,0.541666666667,9.076923076923
3691,long_delay,without_products,0.479166666667,11.217391304348
2609,medium_delay,without_local_synaptic_eligibility,0.833333333333,5.950000000000
2609,long_delay,without_local_synaptic_eligibility,0.916666666667,5.454545454545
2671,medium_delay,without_local_synaptic_eligibility,0.875000000000,5.595238095238
2671,long_delay,without_local_synaptic_eligibility,0.979166666667,5.212765957447
2741,medium_delay,without_local_synaptic_eligibility,0.916666666667,5.545454545455
2741,long_delay,without_local_synaptic_eligibility,0.916666666667,5.136363636364
2803,medium_delay,without_local_synaptic_eligibility,0.916666666667,5.454545454545
2803,long_delay,without_local_synaptic_eligibility,0.937500000000,5.311111111111
2879,medium_delay,without_local_synaptic_eligibility,0.875000000000,5.595238095238
2879,long_delay,without_local_synaptic_eligibility,0.979166666667,4.723404255319
2953,medium_delay,without_local_synaptic_eligibility,0.812500000000,6.307692307692
2953,long_delay,without_local_synaptic_eligibility,0.958333333333,5.217391304348
3023,medium_delay,without_local_synaptic_eligibility,0.854166666667,6.121951219512
3023,long_delay,without_local_synaptic_eligibility,0.916666666667,5.386363636364
3109,medium_delay,without_local_synaptic_eligibility,0.854166666667,6.292682926829
3109,long_delay,without_local_synaptic_eligibility,0.895833333333,5.906976744186
3181,medium_delay,without_local_synaptic_eligibility,0.958333333333,5.739130434783
3181,long_delay,without_local_synaptic_eligibility,0.937500000000,5.133333333333
3253,medium_delay,without_local_synaptic_eligibility,0.770833333333,7.351351351351
3253,long_delay,without_local_synaptic_eligibility,0.833333333333,6.275000000000
3323,medium_delay,without_local_synaptic_eligibility,0.875000000000,5.500000000000
3323,long_delay,without_local_synaptic_eligibility,0.979166666667,4.808510638298
3391,medium_delay,without_local_synaptic_eligibility,0.916666666667,5.227272727273
3391,long_delay,without_local_synaptic_eligibility,0.854166666667,5.756097560976
3463,medium_delay,without_local_synaptic_eligibility,0.833333333333,6.900000000000
3463,long_delay,without_local_synaptic_eligibility,0.833333333333,6.275000000000
3541,medium_delay,without_local_synaptic_eligibility,0.854166666667,5.829268292683
3541,long_delay,without_local_synaptic_eligibility,0.895833333333,5.325581395349
3613,medium_delay,without_local_synaptic_eligibility,0.895833333333,6.116279069767
3613,long_delay,without_local_synaptic_eligibility,0.916666666667,5.613636363636
3691,medium_delay,without_local_synaptic_eligibility,0.895833333333,5.488372093023
3691,long_delay,without_local_synaptic_eligibility,0.875000000000,6.142857142857
2609,medium_delay,sign_gate,0.812500000000,6.102564102564
2609,long_delay,sign_gate,0.895833333333,5.581395348837
2671,medium_delay,sign_gate,0.854166666667,5.707317073171
2671,long_delay,sign_gate,0.979166666667,5.212765957447
2741,medium_delay,sign_gate,0.916666666667,5.545454545455
2741,long_delay,sign_gate,0.916666666667,5.136363636364
2803,medium_delay,sign_gate,0.916666666667,5.454545454545
2803,long_delay,sign_gate,0.937500000000,5.288888888889
2879,medium_delay,sign_gate,0.875000000000,5.595238095238
2879,long_delay,sign_gate,0.958333333333,4.782608695652
2953,medium_delay,sign_gate,0.812500000000,6.307692307692
2953,long_delay,sign_gate,0.958333333333,5.195652173913
3023,medium_delay,sign_gate,0.833333333333,6.275000000000
3023,long_delay,sign_gate,0.895833333333,5.511627906977
3109,medium_delay,sign_gate,0.854166666667,6.268292682927
3109,long_delay,sign_gate,0.895833333333,5.906976744186
3181,medium_delay,sign_gate,0.958333333333,5.717391304348
3181,long_delay,sign_gate,0.937500000000,5.088888888889
3253,medium_delay,sign_gate,0.750000000000,7.527777777778
3253,long_delay,sign_gate,0.854166666667,6.121951219512
3323,medium_delay,sign_gate,0.875000000000,5.500000000000
3323,long_delay,sign_gate,0.958333333333,4.869565217391
3391,medium_delay,sign_gate,0.916666666667,5.227272727273
3391,long_delay,sign_gate,0.854166666667,5.756097560976
3463,medium_delay,sign_gate,0.833333333333,6.875000000000
3463,long_delay,sign_gate,0.854166666667,6.097560975610
3541,medium_delay,sign_gate,0.854166666667,5.829268292683
3541,long_delay,sign_gate,0.916666666667,5.204545454545
3613,medium_delay,sign_gate,0.895833333333,6.116279069767
3613,long_delay,sign_gate,0.916666666667,5.613636363636
3691,medium_delay,sign_gate,0.895833333333,5.488372093023
3691,long_delay,sign_gate,0.895833333333,5.976744186047
