experiment_hash,seed,condition,mode,accuracy,balanced_accuracy,spikes_per_correct,firing_rate_hz,effective_gate,effective_gate_variance,total_spikes
C18E63A3EA120D7C,1061,medium_delay,kernel,0.708333333333,0.708333333333,6.235294117647,1.150173611111,0.257503072942,0.081627457685,212
C18E63A3EA120D7C,1061,medium_delay,constant,0.708333333333,0.708333333333,6.264705882353,1.155598958333,0.257503072942,0.000000000000,213
C18E63A3EA120D7C,1061,medium_delay,disabled,0.562500000000,0.562500000000,8.666666666667,1.269531250000,1.000000000000,0.000000000000,234
C18E63A3EA120D7C,1061,medium_delay,sign,0.708333333333,0.708333333333,6.235294117647,1.150173611111,0.235805991441,0.090201525841,212
C18E63A3EA120D7C,1061,medium_delay,tanh,0.666666666667,0.666666666667,6.718750000000,1.166449652778,0.403502488791,0.057492246229,215
C18E63A3EA120D7C,1061,medium_delay,random,0.687500000000,0.687500000000,6.484848484848,1.161024305556,0.259821955941,0.082787634261,214
C18E63A3EA120D7C,1061,long_delay,kernel,0.520833333333,0.520833333333,10.160000000000,1.378038194444,0.319422253586,0.108915114351,254
C18E63A3EA120D7C,1061,long_delay,constant,0.541666666667,0.541666666667,9.884615384615,1.394314236111,0.319422253586,0.000000000000,257
C18E63A3EA120D7C,1061,long_delay,disabled,0.479166666667,0.479166666667,12.347826086957,1.540798611111,1.000000000000,0.000000000000,284
C18E63A3EA120D7C,1061,long_delay,sign,0.520833333333,0.520833333333,10.160000000000,1.378038194444,0.300892857143,0.120356345663,254
C18E63A3EA120D7C,1061,long_delay,tanh,0.541666666667,0.541666666667,9.884615384615,1.394314236111,0.438911218652,0.069961928047,257
C18E63A3EA120D7C,1061,long_delay,random,0.541666666667,0.541666666667,9.961538461538,1.405164930556,0.312097034502,0.106087561548,259
C18E63A3EA120D7C,1103,medium_delay,kernel,0.562500000000,0.562500000000,8.814814814815,1.291232638889,0.288458257765,0.096228288845,238
C18E63A3EA120D7C,1103,medium_delay,constant,0.625000000000,0.625000000000,7.966666666667,1.296657986111,0.288458257765,0.000000000000,239
C18E63A3EA120D7C,1103,medium_delay,disabled,0.604166666667,0.604166666667,8.655172413793,1.361762152778,1.000000000000,0.000000000000,251
C18E63A3EA120D7C,1103,medium_delay,sign,0.562500000000,0.562500000000,8.777777777778,1.285807291667,0.268345323741,0.106336110967,237
C18E63A3EA120D7C,1103,medium_delay,tanh,0.625000000000,0.625000000000,8.033333333333,1.307508680556,0.432516491137,0.067272955705,241
C18E63A3EA120D7C,1103,medium_delay,random,0.583333333333,0.583333333333,8.535714285714,1.296657986111,0.294531394742,0.098868010912,239
C18E63A3EA120D7C,1103,long_delay,kernel,0.666666666667,0.666666666667,6.843750000000,1.188151041667,0.269970641830,0.087738473821,219
C18E63A3EA120D7C,1103,long_delay,constant,0.645833333333,0.645833333333,7.032258064516,1.182725694444,0.269970641830,0.000000000000,218
C18E63A3EA120D7C,1103,long_delay,disabled,0.625000000000,0.625000000000,7.633333333333,1.242404513889,1.000000000000,0.000000000000,229
C18E63A3EA120D7C,1103,long_delay,sign,0.666666666667,0.666666666667,6.843750000000,1.188151041667,0.248910891089,0.096954259386,219
C18E63A3EA120D7C,1103,long_delay,tanh,0.645833333333,0.645833333333,7.096774193548,1.193576388889,0.412142188023,0.052061899912,220
C18E63A3EA120D7C,1103,long_delay,random,0.645833333333,0.645833333333,7.064516129032,1.188151041667,0.307291860511,0.104174222856,219
C18E63A3EA120D7C,1151,medium_delay,kernel,0.541666666667,0.541666666667,9.307692307692,1.312934027778,0.354811708611,0.121070188491,242
C18E63A3EA120D7C,1151,medium_delay,constant,0.479166666667,0.479166666667,10.521739130435,1.312934027778,0.354811708611,0.000000000000,242
C18E63A3EA120D7C,1151,medium_delay,disabled,0.479166666667,0.479166666667,11.478260869565,1.432291666667,1.000000000000,0.000000000000,264
C18E63A3EA120D7C,1151,medium_delay,sign,0.541666666667,0.541666666667,9.307692307692,1.312934027778,0.338095238095,0.133786848073,242
C18E63A3EA120D7C,1151,medium_delay,tanh,0.479166666667,0.479166666667,10.652173913043,1.329210069444,0.458992488643,0.082443788351,245
C18E63A3EA120D7C,1151,medium_delay,random,0.520833333333,0.520833333333,9.720000000000,1.318359375000,0.348202849067,0.118990450423,243
C18E63A3EA120D7C,1151,long_delay,kernel,0.416666666667,0.416666666667,12.050000000000,1.307508680556,0.316189738658,0.107682052250,241
C18E63A3EA120D7C,1151,long_delay,constant,0.437500000000,0.437500000000,11.666666666667,1.329210069444,0.316189738658,0.000000000000,245
C18E63A3EA120D7C,1151,long_delay,disabled,0.458333333333,0.458333333333,11.545454545455,1.378038194444,1.000000000000,0.000000000000,254
C18E63A3EA120D7C,1151,long_delay,sign,0.416666666667,0.416666666667,12.150000000000,1.318359375000,0.295936794582,0.118358208195,243
C18E63A3EA120D7C,1151,long_delay,tanh,0.458333333333,0.458333333333,10.954545454545,1.307508680556,0.438478468862,0.066972551428,241
C18E63A3EA120D7C,1151,long_delay,random,0.437500000000,0.437500000000,11.523809523810,1.312934027778,0.319215319386,0.108838532863,242
C18E63A3EA120D7C,1201,medium_delay,kernel,0.375000000000,0.375000000000,14.055555555556,1.372612847222,0.312437369406,0.106234960067,253
C18E63A3EA120D7C,1201,medium_delay,constant,0.479166666667,0.479166666667,11.043478260870,1.378038194444,0.312437369406,0.000000000000,254
C18E63A3EA120D7C,1201,medium_delay,disabled,0.375000000000,0.375000000000,15.055555555556,1.470269097222,1.000000000000,0.000000000000,271
C18E63A3EA120D7C,1201,medium_delay,sign,0.375000000000,0.375000000000,14.000000000000,1.367187500000,0.292345436703,0.116879582342,252
C18E63A3EA120D7C,1201,medium_delay,tanh,0.437500000000,0.437500000000,12.238095238095,1.394314236111,0.429442043948,0.078895039469,257
C18E63A3EA120D7C,1201,medium_delay,random,0.479166666667,0.479166666667,10.869565217391,1.356336805556,0.305451107864,0.103440956039,250
C18E63A3EA120D7C,1201,long_delay,kernel,0.395833333333,0.395833333333,13.368421052632,1.378038194444,0.319674206082,0.109012432537,254
C18E63A3EA120D7C,1201,long_delay,constant,0.395833333333,0.395833333333,13.526315789474,1.394314236111,0.319674206082,0.000000000000,257
C18E63A3EA120D7C,1201,long_delay,disabled,0.541666666667,0.541666666667,10.692307692308,1.508246527778,1.000000000000,0.000000000000,278
C18E63A3EA120D7C,1201,long_delay,sign,0.395833333333,0.395833333333,13.368421052632,1.378038194444,0.301160541586,0.120462869778,254
C18E63A3EA120D7C,1201,long_delay,tanh,0.416666666667,0.416666666667,12.850000000000,1.394314236111,0.438872051071,0.075958493221,257
C18E63A3EA120D7C,1201,long_delay,random,0.395833333333,0.395833333333,13.368421052632,1.378038194444,0.323900878990,0.110593536814,254
C18E63A3EA120D7C,1249,medium_delay,kernel,0.416666666667,0.416666666667,12.200000000000,1.323784722222,0.270503162400,0.087993145981,244
C18E63A3EA120D7C,1249,medium_delay,constant,0.437500000000,0.437500000000,11.571428571429,1.318359375000,0.270503162400,0.000000000000,243
C18E63A3EA120D7C,1249,medium_delay,disabled,0.395833333333,0.395833333333,13.947368421053,1.437717013889,1.000000000000,0.000000000000,265
C18E63A3EA120D7C,1249,medium_delay,sign,0.416666666667,0.416666666667,12.200000000000,1.323784722222,0.249471210341,0.097235325552,244
C18E63A3EA120D7C,1249,medium_delay,tanh,0.395833333333,0.395833333333,13.052631578947,1.345486111111,0.416127162513,0.055609464871,248
C18E63A3EA120D7C,1249,medium_delay,random,0.416666666667,0.416666666667,12.050000000000,1.307508680556,0.290810508072,0.097260309539,241
C18E63A3EA120D7C,1249,long_delay,kernel,0.520833333333,0.520833333333,8.960000000000,1.215277777778,0.269826968380,0.087670180232,224
C18E63A3EA120D7C,1249,long_delay,constant,0.479166666667,0.479166666667,9.652173913043,1.204427083333,0.269826968380,0.000000000000,222
C18E63A3EA120D7C,1249,long_delay,disabled,0.520833333333,0.520833333333,9.720000000000,1.318359375000,1.000000000000,0.000000000000,243
C18E63A3EA120D7C,1249,long_delay,sign,0.500000000000,0.500000000000,9.291666666667,1.209852430556,0.243646408840,0.094282836299,223
C18E63A3EA120D7C,1249,long_delay,tanh,0.520833333333,0.520833333333,9.000000000000,1.220703125000,0.412062224117,0.057565310856,225
C18E63A3EA120D7C,1249,long_delay,random,0.520833333333,0.520833333333,9.000000000000,1.220703125000,0.277989344639,0.091505163438,225
C18E63A3EA120D7C,1301,medium_delay,kernel,0.541666666667,0.541666666667,9.576923076923,1.350911458333,0.303254535711,0.102532844561,249
C18E63A3EA120D7C,1301,medium_delay,constant,0.500000000000,0.500000000000,10.416666666667,1.356336805556,0.303254535711,0.000000000000,250
C18E63A3EA120D7C,1301,medium_delay,disabled,0.583333333333,0.583333333333,9.464285714286,1.437717013889,1.000000000000,0.000000000000,265
C18E63A3EA120D7C,1301,medium_delay,sign,0.541666666667,0.541666666667,9.576923076923,1.350911458333,0.283897316219,0.113299630063,249
C18E63A3EA120D7C,1301,medium_delay,tanh,0.520833333333,0.520833333333,10.080000000000,1.367187500000,0.425440305961,0.068241235059,252
C18E63A3EA120D7C,1301,medium_delay,random,0.458333333333,0.458333333333,11.409090909091,1.361762152778,0.315280529101,0.107332269269,251
C18E63A3EA120D7C,1301,long_delay,kernel,0.500000000000,0.500000000000,10.416666666667,1.356336805556,0.256495998216,0.081120188684,250
C18E63A3EA120D7C,1301,long_delay,constant,0.500000000000,0.500000000000,10.500000000000,1.367187500000,0.256495998216,0.000000000000,252
C18E63A3EA120D7C,1301,long_delay,disabled,0.562500000000,0.562500000000,9.629629629630,1.410590277778,1.000000000000,0.000000000000,260
C18E63A3EA120D7C,1301,long_delay,sign,0.500000000000,0.500000000000,10.416666666667,1.356336805556,0.234746760895,0.089640719144,250
C18E63A3EA120D7C,1301,long_delay,tanh,0.500000000000,0.500000000000,10.541666666667,1.372612847222,0.399725965055,0.054386669294,253
C18E63A3EA120D7C,1301,long_delay,random,0.500000000000,0.500000000000,10.500000000000,1.367187500000,0.266926304724,0.086275282330,252
C18E63A3EA120D7C,1361,medium_delay,kernel,0.479166666667,0.479166666667,11.478260869565,1.432291666667,0.361309017746,0.123029745297,264
C18E63A3EA120D7C,1361,medium_delay,constant,0.541666666667,0.541666666667,10.307692307692,1.453993055556,0.361309017746,0.000000000000,268
C18E63A3EA120D7C,1361,medium_delay,disabled,0.604166666667,0.604166666667,10.241379310345,1.611328125000,1.000000000000,0.000000000000,297
C18E63A3EA120D7C,1361,medium_delay,sign,0.500000000000,0.500000000000,10.958333333333,1.426866319444,0.342402183803,0.135162928330,263
C18E63A3EA120D7C,1361,medium_delay,tanh,0.541666666667,0.541666666667,10.461538461538,1.475694444444,0.492430253708,0.088220404901,272
C18E63A3EA120D7C,1361,medium_delay,random,0.541666666667,0.541666666667,10.384615384615,1.464843750000,0.355816387086,0.121379171399,270
C18E63A3EA120D7C,1361,long_delay,kernel,0.541666666667,0.541666666667,10.230769230769,1.443142361111,0.404275593884,0.133859330969,266
C18E63A3EA120D7C,1361,long_delay,constant,0.479166666667,0.479166666667,11.739130434783,1.464843750000,0.404275593884,0.000000000000,270
C18E63A3EA120D7C,1361,long_delay,disabled,0.520833333333,0.520833333333,11.720000000000,1.589626736111,1.000000000000,0.000000000000,293
C18E63A3EA120D7C,1361,long_delay,sign,0.562500000000,0.562500000000,9.814814814815,1.437717013889,0.390431519700,0.147994748125,265
C18E63A3EA120D7C,1361,long_delay,tanh,0.500000000000,0.500000000000,11.416666666667,1.486545138889,0.524727007628,0.087702442614,274
C18E63A3EA120D7C,1361,long_delay,random,0.562500000000,0.562500000000,9.888888888889,1.448567708333,0.429465364183,0.138492359551,267
C18E63A3EA120D7C,1423,medium_delay,kernel,0.458333333333,0.458333333333,11.136363636364,1.329210069444,0.287209556276,0.095676287666,245
C18E63A3EA120D7C,1423,medium_delay,constant,0.500000000000,0.500000000000,10.250000000000,1.334635416667,0.287209556276,0.000000000000,246
C18E63A3EA120D7C,1423,medium_delay,disabled,0.541666666667,0.541666666667,10.038461538462,1.416015625000,1.000000000000,0.000000000000,261
C18E63A3EA120D7C,1423,medium_delay,sign,0.458333333333,0.458333333333,11.136363636364,1.329210069444,0.267032967033,0.105726361551,245
C18E63A3EA120D7C,1423,medium_delay,tanh,0.479166666667,0.479166666667,10.739130434783,1.340060763889,0.422916724944,0.069533707113,247
C18E63A3EA120D7C,1423,medium_delay,random,0.458333333333,0.458333333333,11.090909090909,1.323784722222,0.270831038922,0.088148991597,244
C18E63A3EA120D7C,1423,long_delay,kernel,0.604166666667,0.604166666667,7.689655172414,1.209852430556,0.259115392714,0.082435581010,223
C18E63A3EA120D7C,1423,long_delay,constant,0.583333333333,0.583333333333,7.857142857143,1.193576388889,0.259115392714,0.000000000000,220
C18E63A3EA120D7C,1423,long_delay,disabled,0.604166666667,0.604166666667,8.000000000000,1.258680555556,1.000000000000,0.000000000000,232
C18E63A3EA120D7C,1423,long_delay,sign,0.604166666667,0.604166666667,7.689655172414,1.209852430556,0.237500000000,0.091093750000,223
C18E63A3EA120D7C,1423,long_delay,tanh,0.583333333333,0.583333333333,7.892857142857,1.199001736111,0.406039787786,0.058917476802,221
C18E63A3EA120D7C,1423,long_delay,random,0.583333333333,0.583333333333,7.892857142857,1.199001736111,0.231155021521,0.067689382705,221
C18E63A3EA120D7C,1481,medium_delay,kernel,0.479166666667,0.479166666667,10.434782608696,1.302083333333,0.298762810967,0.100663141616,240
C18E63A3EA120D7C,1481,medium_delay,constant,0.520833333333,0.520833333333,9.600000000000,1.302083333333,0.298762810967,0.000000000000,240
C18E63A3EA120D7C,1481,medium_delay,disabled,0.583333333333,0.583333333333,9.357142857143,1.421440972222,1.000000000000,0.000000000000,262
C18E63A3EA120D7C,1481,medium_delay,sign,0.479166666667,0.479166666667,10.434782608696,1.302083333333,0.279176755448,0.111237094666,240
C18E63A3EA120D7C,1481,medium_delay,tanh,0.520833333333,0.520833333333,9.760000000000,1.323784722222,0.432252379391,0.068536217182,244
C18E63A3EA120D7C,1481,medium_delay,random,0.645833333333,0.645833333333,7.774193548387,1.307508680556,0.303233073197,0.102520506071,241
C18E63A3EA120D7C,1481,long_delay,kernel,0.520833333333,0.520833333333,9.120000000000,1.236979166667,0.306546694775,0.103873524077,228
C18E63A3EA120D7C,1481,long_delay,constant,0.479166666667,0.479166666667,10.000000000000,1.247829861111,0.306546694775,0.000000000000,230
C18E63A3EA120D7C,1481,long_delay,disabled,0.458333333333,0.458333333333,11.000000000000,1.312934027778,1.000000000000,0.000000000000,242
C18E63A3EA120D7C,1481,long_delay,sign,0.520833333333,0.520833333333,9.120000000000,1.236979166667,0.287360594796,0.114784483354,228
C18E63A3EA120D7C,1481,long_delay,tanh,0.479166666667,0.479166666667,10.043478260870,1.253255208333,0.460462543395,0.069654386222,231
C18E63A3EA120D7C,1481,long_delay,random,0.479166666667,0.479166666667,9.956521739130,1.242404513889,0.325131119206,0.111046551616,229
C18E63A3EA120D7C,1543,medium_delay,kernel,0.750000000000,0.750000000000,7.138888888889,1.394314236111,0.297118783575,0.099972000778,257
C18E63A3EA120D7C,1543,medium_delay,constant,0.750000000000,0.750000000000,7.138888888889,1.394314236111,0.297118783575,0.000000000000,257
C18E63A3EA120D7C,1543,medium_delay,disabled,0.583333333333,0.583333333333,9.857142857143,1.497395833333,1.000000000000,0.000000000000,276
C18E63A3EA120D7C,1543,medium_delay,sign,0.750000000000,0.750000000000,7.138888888889,1.394314236111,0.277447335812,0.110470311663,257
C18E63A3EA120D7C,1543,medium_delay,tanh,0.687500000000,0.687500000000,7.878787878788,1.410590277778,0.423980036772,0.066305119189,260
C18E63A3EA120D7C,1543,medium_delay,random,0.770833333333,0.770833333333,6.891891891892,1.383463541667,0.287732125804,0.095909062264,255
C18E63A3EA120D7C,1543,long_delay,kernel,0.395833333333,0.395833333333,12.578947368421,1.296657986111,0.285566681787,0.094945695344,239
C18E63A3EA120D7C,1543,long_delay,constant,0.333333333333,0.333333333333,14.937500000000,1.296657986111,0.285566681787,0.000000000000,239
C18E63A3EA120D7C,1543,long_delay,disabled,0.395833333333,0.395833333333,13.315789473684,1.372612847222,1.000000000000,0.000000000000,253
C18E63A3EA120D7C,1543,long_delay,sign,0.416666666667,0.416666666667,12.000000000000,1.302083333333,0.264675984752,0.104622607848,240
C18E63A3EA120D7C,1543,long_delay,tanh,0.416666666667,0.416666666667,12.000000000000,1.302083333333,0.422851079705,0.061487827876,240
C18E63A3EA120D7C,1543,long_delay,random,0.416666666667,0.416666666667,11.950000000000,1.296657986111,0.283049189441,0.093815299787,239
C18E63A3EA120D7C,1601,medium_delay,kernel,0.541666666667,0.541666666667,9.653846153846,1.361762152778,0.315855886515,0.107553028345,251
C18E63A3EA120D7C,1601,medium_delay,constant,0.562500000000,0.562500000000,9.370370370370,1.372612847222,0.315855886515,0.000000000000,253
C18E63A3EA120D7C,1601,medium_delay,disabled,0.583333333333,0.583333333333,9.464285714286,1.437717013889,1.000000000000,0.000000000000,265
C18E63A3EA120D7C,1601,medium_delay,sign,0.541666666667,0.541666666667,9.653846153846,1.361762152778,0.297146562905,0.118850483059,251
C18E63A3EA120D7C,1601,medium_delay,tanh,0.562500000000,0.562500000000,9.481481481481,1.388888888889,0.457895330536,0.075473316287,256
C18E63A3EA120D7C,1601,medium_delay,random,0.541666666667,0.541666666667,9.730769230769,1.372612847222,0.306572007143,0.103883923687,253
C18E63A3EA120D7C,1601,long_delay,kernel,0.520833333333,0.520833333333,9.800000000000,1.329210069444,0.250993060986,0.078312478534,245
C18E63A3EA120D7C,1601,long_delay,constant,0.520833333333,0.520833333333,9.880000000000,1.340060763889,0.250993060986,0.000000000000,247
C18E63A3EA120D7C,1601,long_delay,disabled,0.541666666667,0.541666666667,10.038461538462,1.416015625000,1.000000000000,0.000000000000,261
C18E63A3EA120D7C,1601,long_delay,sign,0.520833333333,0.520833333333,9.760000000000,1.323784722222,0.227123287671,0.085538299869,244
C18E63A3EA120D7C,1601,long_delay,tanh,0.500000000000,0.500000000000,10.291666666667,1.340060763889,0.400231704763,0.055863326668,247
C18E63A3EA120D7C,1601,long_delay,random,0.541666666667,0.541666666667,9.500000000000,1.340060763889,0.263883427797,0.084792319635,247
C18E63A3EA120D7C,1663,medium_delay,kernel,0.583333333333,0.583333333333,8.250000000000,1.253255208333,0.292099646186,0.097804528112,231
C18E63A3EA120D7C,1663,medium_delay,constant,0.583333333333,0.583333333333,8.357142857143,1.269531250000,0.292099646186,0.000000000000,234
C18E63A3EA120D7C,1663,medium_delay,disabled,0.666666666667,0.666666666667,8.218750000000,1.426866319444,1.000000000000,0.000000000000,263
C18E63A3EA120D7C,1663,medium_delay,sign,0.583333333333,0.583333333333,8.214285714286,1.247829861111,0.267346938776,0.105872553103,230
C18E63A3EA120D7C,1663,medium_delay,tanh,0.645833333333,0.645833333333,7.774193548387,1.307508680556,0.457758739868,0.066215506872,241
C18E63A3EA120D7C,1663,medium_delay,random,0.583333333333,0.583333333333,8.321428571429,1.264105902778,0.290848403168,0.097273042760,233
C18E63A3EA120D7C,1663,long_delay,kernel,0.375000000000,0.375000000000,12.555555555556,1.226128472222,0.343322117759,0.117399906961,226
C18E63A3EA120D7C,1663,long_delay,constant,0.375000000000,0.375000000000,12.500000000000,1.220703125000,0.343322117759,0.000000000000,225
C18E63A3EA120D7C,1663,long_delay,disabled,0.479166666667,0.479166666667,10.521739130435,1.312934027778,1.000000000000,0.000000000000,242
C18E63A3EA120D7C,1663,long_delay,sign,0.375000000000,0.375000000000,12.555555555556,1.226128472222,0.326018396846,0.129730401764,226
C18E63A3EA120D7C,1663,long_delay,tanh,0.437500000000,0.437500000000,10.904761904762,1.242404513889,0.472544841616,0.077657891061,229
C18E63A3EA120D7C,1663,long_delay,random,0.395833333333,0.395833333333,12.000000000000,1.236979166667,0.354811724719,0.121071414816,228
C18E63A3EA120D7C,1721,medium_delay,kernel,0.437500000000,0.437500000000,11.523809523810,1.312934027778,0.323271215669,0.110360080001,242
C18E63A3EA120D7C,1721,medium_delay,constant,0.416666666667,0.416666666667,12.300000000000,1.334635416667,0.323271215669,0.000000000000,246
C18E63A3EA120D7C,1721,medium_delay,disabled,0.479166666667,0.479166666667,11.304347826087,1.410590277778,1.000000000000,0.000000000000,260
C18E63A3EA120D7C,1721,medium_delay,sign,0.437500000000,0.437500000000,11.428571428571,1.302083333333,0.298685939553,0.119472649066,240
C18E63A3EA120D7C,1721,medium_delay,tanh,0.416666666667,0.416666666667,12.350000000000,1.340060763889,0.463068626416,0.073803280696,247
C18E63A3EA120D7C,1721,medium_delay,random,0.437500000000,0.437500000000,11.761904761905,1.340060763889,0.311775739371,0.105961907486,247
C18E63A3EA120D7C,1721,long_delay,kernel,0.500000000000,0.500000000000,9.708333333333,1.264105902778,0.286302963110,0.095272701174,233
C18E63A3EA120D7C,1721,long_delay,constant,0.500000000000,0.500000000000,9.750000000000,1.269531250000,0.286302963110,0.000000000000,234
C18E63A3EA120D7C,1721,long_delay,disabled,0.500000000000,0.500000000000,10.083333333333,1.312934027778,1.000000000000,0.000000000000,242
C18E63A3EA120D7C,1721,long_delay,sign,0.500000000000,0.500000000000,9.708333333333,1.264105902778,0.266078697422,0.105280824200,233
C18E63A3EA120D7C,1721,long_delay,tanh,0.500000000000,0.500000000000,9.791666666667,1.274956597222,0.436868195494,0.061415309474,235
C18E63A3EA120D7C,1721,long_delay,random,0.500000000000,0.500000000000,9.666666666667,1.258680555556,0.313652640565,0.106697334075,232
C18E63A3EA120D7C,1783,medium_delay,kernel,0.500000000000,0.500000000000,10.291666666667,1.340060763889,0.303526304284,0.102642653137,247
C18E63A3EA120D7C,1783,medium_delay,constant,0.520833333333,0.520833333333,9.840000000000,1.334635416667,0.303526304284,0.000000000000,246
C18E63A3EA120D7C,1783,medium_delay,disabled,0.375000000000,0.375000000000,15.111111111111,1.475694444444,1.000000000000,0.000000000000,272
C18E63A3EA120D7C,1783,medium_delay,sign,0.500000000000,0.500000000000,10.291666666667,1.340060763889,0.284186046512,0.113424337480,247
C18E63A3EA120D7C,1783,medium_delay,tanh,0.520833333333,0.520833333333,9.960000000000,1.350911458333,0.433774857604,0.076342943678,249
C18E63A3EA120D7C,1783,medium_delay,random,0.500000000000,0.500000000000,10.375000000000,1.350911458333,0.312249803664,0.106148521055,249
C18E63A3EA120D7C,1783,long_delay,kernel,0.437500000000,0.437500000000,11.238095238095,1.280381944444,0.323598677437,0.110460822641,236
C18E63A3EA120D7C,1783,long_delay,constant,0.437500000000,0.437500000000,11.380952380952,1.296657986111,0.323598677437,0.000000000000,239
C18E63A3EA120D7C,1783,long_delay,disabled,0.416666666667,0.416666666667,12.450000000000,1.350911458333,1.000000000000,0.000000000000,249
C18E63A3EA120D7C,1783,long_delay,sign,0.437500000000,0.437500000000,11.238095238095,1.280381944444,0.305256570713,0.122074996750,236
C18E63A3EA120D7C,1783,long_delay,tanh,0.437500000000,0.437500000000,11.428571428571,1.302083333333,0.451774136630,0.069572545915,240
C18E63A3EA120D7C,1783,long_delay,random,0.458333333333,0.458333333333,10.727272727273,1.280381944444,0.331019246450,0.113160817645,236
C18E63A3EA120D7C,1847,medium_delay,kernel,0.562500000000,0.562500000000,9.444444444444,1.383463541667,0.316990563300,0.107989754510,255
C18E63A3EA120D7C,1847,medium_delay,constant,0.500000000000,0.500000000000,10.750000000000,1.399739583333,0.316990563300,0.000000000000,258
C18E63A3EA120D7C,1847,medium_delay,disabled,0.500000000000,0.500000000000,11.625000000000,1.513671875000,1.000000000000,0.000000000000,279
C18E63A3EA120D7C,1847,medium_delay,sign,0.562500000000,0.562500000000,9.444444444444,1.383463541667,0.298339264531,0.119332947770,255
C18E63A3EA120D7C,1847,medium_delay,tanh,0.562500000000,0.562500000000,9.518518518519,1.394314236111,0.453901351217,0.070786771986,257
C18E63A3EA120D7C,1847,medium_delay,random,0.541666666667,0.541666666667,9.884615384615,1.394314236111,0.286635970235,0.095421991799,257
C18E63A3EA120D7C,1847,long_delay,kernel,0.604166666667,0.604166666667,8.137931034483,1.280381944444,0.329851724520,0.112757703692,236
C18E63A3EA120D7C,1847,long_delay,constant,0.562500000000,0.562500000000,8.740740740741,1.280381944444,0.329851724520,0.000000000000,236
C18E63A3EA120D7C,1847,long_delay,disabled,0.708333333333,0.708333333333,7.264705882353,1.340060763889,1.000000000000,0.000000000000,247
C18E63A3EA120D7C,1847,long_delay,sign,0.604166666667,0.604166666667,8.137931034483,1.280381944444,0.311857707510,0.124602477777,236
C18E63A3EA120D7C,1847,long_delay,tanh,0.562500000000,0.562500000000,8.814814814815,1.291232638889,0.466812929498,0.074854004355,238
C18E63A3EA120D7C,1847,long_delay,random,0.666666666667,0.666666666667,7.375000000000,1.280381944444,0.351029219122,0.119890599603,236
C18E63A3EA120D7C,1901,medium_delay,kernel,0.479166666667,0.479166666667,11.086956521739,1.383463541667,0.293257653031,0.098320317260,255
C18E63A3EA120D7C,1901,medium_delay,constant,0.520833333333,0.520833333333,10.120000000000,1.372612847222,0.293257653031,0.000000000000,253
C18E63A3EA120D7C,1901,medium_delay,disabled,0.416666666667,0.416666666667,13.600000000000,1.475694444444,1.000000000000,0.000000000000,272
C18E63A3EA120D7C,1901,medium_delay,sign,0.479166666667,0.479166666667,11.086956521739,1.383463541667,0.273390557940,0.108648160769,255
C18E63A3EA120D7C,1901,medium_delay,tanh,0.500000000000,0.500000000000,10.708333333333,1.394314236111,0.431088108507,0.067310234114,257
C18E63A3EA120D7C,1901,medium_delay,random,0.395833333333,0.395833333333,13.473684210526,1.388888888889,0.306616306479,0.103901460265,256
C18E63A3EA120D7C,1901,long_delay,kernel,0.645833333333,0.645833333333,7.612903225806,1.280381944444,0.249216045912,0.077393157664,236
C18E63A3EA120D7C,1901,long_delay,constant,0.645833333333,0.645833333333,7.677419354839,1.291232638889,0.249216045912,0.000000000000,238
C18E63A3EA120D7C,1901,long_delay,disabled,0.645833333333,0.645833333333,8.032258064516,1.350911458333,1.000000000000,0.000000000000,249
C18E63A3EA120D7C,1901,long_delay,sign,0.645833333333,0.645833333333,7.612903225806,1.280381944444,0.227093596059,0.085522094688,236
C18E63A3EA120D7C,1901,long_delay,tanh,0.645833333333,0.645833333333,7.741935483871,1.302083333333,0.392051660969,0.052211932233,240
C18E63A3EA120D7C,1901,long_delay,random,0.604166666667,0.604166666667,8.206896551724,1.291232638889,0.262942748941,0.084331937722,238
C18E63A3EA120D7C,1973,medium_delay,kernel,0.291666666667,0.291666666667,16.928571428571,1.285807291667,0.248475666319,0.077008918789,237
C18E63A3EA120D7C,1973,medium_delay,constant,0.312500000000,0.312500000000,15.800000000000,1.285807291667,0.248475666319,0.000000000000,237
C18E63A3EA120D7C,1973,medium_delay,disabled,0.437500000000,0.437500000000,11.761904761905,1.340060763889,1.000000000000,0.000000000000,247
C18E63A3EA120D7C,1973,medium_delay,sign,0.333333333333,0.333333333333,14.750000000000,1.280381944444,0.222460658083,0.082971913688,236
C18E63A3EA120D7C,1973,medium_delay,tanh,0.354166666667,0.354166666667,13.941176470588,1.285807291667,0.382000776316,0.052472579093,237
C18E63A3EA120D7C,1973,medium_delay,random,0.312500000000,0.312500000000,15.866666666667,1.291232638889,0.251899237046,0.078779925708,238
C18E63A3EA120D7C,1973,long_delay,kernel,0.500000000000,0.500000000000,10.500000000000,1.367187500000,0.262853938648,0.084292435429,252
C18E63A3EA120D7C,1973,long_delay,constant,0.479166666667,0.479166666667,10.956521739130,1.367187500000,0.262853938648,0.000000000000,252
C18E63A3EA120D7C,1973,long_delay,disabled,0.458333333333,0.458333333333,12.090909090909,1.443142361111,1.000000000000,0.000000000000,266
C18E63A3EA120D7C,1973,long_delay,sign,0.500000000000,0.500000000000,10.458333333333,1.361762152778,0.239682539683,0.092234819854,251
C18E63A3EA120D7C,1973,long_delay,tanh,0.500000000000,0.500000000000,10.666666666667,1.388888888889,0.410270989065,0.060371778525,256
C18E63A3EA120D7C,1973,long_delay,random,0.375000000000,0.375000000000,14.055555555556,1.372612847222,0.257317837345,0.081534152106,253
C18E63A3EA120D7C,2039,medium_delay,kernel,0.687500000000,0.687500000000,6.606060606061,1.182725694444,0.320095791182,0.109172296908,218
C18E63A3EA120D7C,2039,medium_delay,constant,0.687500000000,0.687500000000,6.606060606061,1.182725694444,0.320095791182,0.000000000000,218
C18E63A3EA120D7C,2039,medium_delay,disabled,0.625000000000,0.625000000000,7.766666666667,1.264105902778,1.000000000000,0.000000000000,233
C18E63A3EA120D7C,2039,medium_delay,sign,0.687500000000,0.687500000000,6.606060606061,1.182725694444,0.301603665521,0.120638894465,218
C18E63A3EA120D7C,2039,medium_delay,tanh,0.687500000000,0.687500000000,6.696969696970,1.199001736111,0.434216059004,0.080311519097,221
C18E63A3EA120D7C,2039,medium_delay,random,0.729166666667,0.729166666667,6.228571428571,1.182725694444,0.317923422996,0.108347165685,218
C18E63A3EA120D7C,2039,long_delay,kernel,0.645833333333,0.645833333333,8.709677419355,1.464843750000,0.294103558849,0.098684509393,270
C18E63A3EA120D7C,2039,long_delay,constant,0.645833333333,0.645833333333,8.806451612903,1.481119791667,0.294103558849,0.000000000000,273
C18E63A3EA120D7C,2039,long_delay,disabled,0.625000000000,0.625000000000,9.866666666667,1.605902777778,1.000000000000,0.000000000000,296
C18E63A3EA120D7C,2039,long_delay,sign,0.645833333333,0.645833333333,8.677419354839,1.459418402778,0.271868978805,0.107956237169,269
C18E63A3EA120D7C,2039,long_delay,tanh,0.645833333333,0.645833333333,8.838709677419,1.486545138889,0.445087826030,0.070444739821,274
C18E63A3EA120D7C,2039,long_delay,random,0.625000000000,0.625000000000,9.133333333333,1.486545138889,0.292215737391,0.097870402976,274
C18E63A3EA120D7C,2111,medium_delay,kernel,0.437500000000,0.437500000000,12.476190476190,1.421440972222,0.312266780262,0.106155327939,262
C18E63A3EA120D7C,2111,medium_delay,constant,0.395833333333,0.395833333333,13.631578947368,1.405164930556,0.312266780262,0.000000000000,259
C18E63A3EA120D7C,2111,medium_delay,disabled,0.437500000000,0.437500000000,13.238095238095,1.508246527778,1.000000000000,0.000000000000,278
C18E63A3EA120D7C,2111,medium_delay,sign,0.416666666667,0.416666666667,13.050000000000,1.416015625000,0.292628992629,0.116997265302,261
C18E63A3EA120D7C,2111,medium_delay,tanh,0.416666666667,0.416666666667,13.200000000000,1.432291666667,0.445323543367,0.074044153392,264
C18E63A3EA120D7C,2111,medium_delay,random,0.395833333333,0.395833333333,13.473684210526,1.388888888889,0.295852453223,0.099433067039,256
C18E63A3EA120D7C,2111,long_delay,kernel,0.562500000000,0.562500000000,8.629629629630,1.264105902778,0.317020616369,0.108005580578,233
C18E63A3EA120D7C,2111,long_delay,constant,0.583333333333,0.583333333333,8.285714285714,1.258680555556,0.317020616369,0.000000000000,232
C18E63A3EA120D7C,2111,long_delay,disabled,0.562500000000,0.562500000000,9.259259259259,1.356336805556,1.000000000000,0.000000000000,250
C18E63A3EA120D7C,2111,long_delay,sign,0.562500000000,0.562500000000,8.629629629630,1.264105902778,0.297544338336,0.119011705060,233
C18E63A3EA120D7C,2111,long_delay,tanh,0.583333333333,0.583333333333,8.428571428571,1.280381944444,0.451133191811,0.062493902912,236
C18E63A3EA120D7C,2111,long_delay,random,0.562500000000,0.562500000000,8.481481481481,1.242404513889,0.326206323751,0.111444039319,229
C18E63A3EA120D7C,2179,medium_delay,kernel,0.500000000000,0.500000000000,10.500000000000,1.367187500000,0.262404163908,0.084066188165,252
C18E63A3EA120D7C,2179,medium_delay,constant,0.458333333333,0.458333333333,11.454545454545,1.367187500000,0.262404163908,0.000000000000,252
C18E63A3EA120D7C,2179,medium_delay,disabled,0.416666666667,0.416666666667,13.100000000000,1.421440972222,1.000000000000,0.000000000000,262
C18E63A3EA120D7C,2179,medium_delay,sign,0.520833333333,0.520833333333,10.040000000000,1.361762152778,0.238641686183,0.091691831799,251
C18E63A3EA120D7C,2179,medium_delay,tanh,0.458333333333,0.458333333333,11.590909090909,1.383463541667,0.407159427702,0.063164331030,255
C18E63A3EA120D7C,2179,medium_delay,random,0.458333333333,0.458333333333,11.545454545455,1.378038194444,0.285100002094,0.094736775076,254
C18E63A3EA120D7C,2179,long_delay,kernel,0.458333333333,0.458333333333,11.363636363636,1.356336805556,0.266932239174,0.086278468217,250
C18E63A3EA120D7C,2179,long_delay,constant,0.458333333333,0.458333333333,11.363636363636,1.356336805556,0.266932239174,0.000000000000,250
C18E63A3EA120D7C,2179,long_delay,disabled,0.437500000000,0.437500000000,12.619047619048,1.437717013889,1.000000000000,0.000000000000,265
C18E63A3EA120D7C,2179,long_delay,sign,0.458333333333,0.458333333333,11.363636363636,1.356336805556,0.245714285714,0.095338775510,250
C18E63A3EA120D7C,2179,long_delay,tanh,0.437500000000,0.437500000000,12.000000000000,1.367187500000,0.395696246625,0.061545237983,252
C18E63A3EA120D7C,2179,long_delay,random,0.458333333333,0.458333333333,11.318181818182,1.350911458333,0.252269265400,0.078970079404,249
C18E63A3EA120D7C,2251,medium_delay,kernel,0.458333333333,0.458333333333,10.590909090909,1.264105902778,0.250120357027,0.077861256764,233
C18E63A3EA120D7C,2251,medium_delay,constant,0.500000000000,0.500000000000,9.666666666667,1.258680555556,0.250120357027,0.000000000000,232
C18E63A3EA120D7C,2251,medium_delay,disabled,0.458333333333,0.458333333333,11.409090909091,1.361762152778,1.000000000000,0.000000000000,251
C18E63A3EA120D7C,2251,medium_delay,sign,0.458333333333,0.458333333333,10.590909090909,1.264105902778,0.228043775650,0.086039812037,233
C18E63A3EA120D7C,2251,medium_delay,tanh,0.437500000000,0.437500000000,11.190476190476,1.274956597222,0.411043476451,0.052239946432,235
C18E63A3EA120D7C,2251,medium_delay,random,0.437500000000,0.437500000000,11.142857142857,1.269531250000,0.238952001866,0.071958273440,234
C18E63A3EA120D7C,2251,long_delay,kernel,0.583333333333,0.583333333333,8.035714285714,1.220703125000,0.265366349853,0.085517407680,225
C18E63A3EA120D7C,2251,long_delay,constant,0.541666666667,0.541666666667,8.692307692308,1.226128472222,0.265366349853,0.000000000000,226
C18E63A3EA120D7C,2251,long_delay,disabled,0.583333333333,0.583333333333,8.428571428571,1.280381944444,1.000000000000,0.000000000000,236
C18E63A3EA120D7C,2251,long_delay,sign,0.583333333333,0.583333333333,8.035714285714,1.220703125000,0.244070278184,0.094499977491,225
C18E63A3EA120D7C,2251,long_delay,tanh,0.541666666667,0.541666666667,8.730769230769,1.231553819444,0.414124513333,0.058769202807,227
C18E63A3EA120D7C,2251,long_delay,random,0.562500000000,0.562500000000,8.370370370370,1.226128472222,0.291630453846,0.097615731514,226
C18E63A3EA120D7C,2333,medium_delay,kernel,0.520833333333,0.520833333333,10.080000000000,1.367187500000,0.320647997117,0.109380846817,252
C18E63A3EA120D7C,2333,medium_delay,constant,0.500000000000,0.500000000000,10.625000000000,1.383463541667,0.320647997117,0.000000000000,255
C18E63A3EA120D7C,2333,medium_delay,disabled,0.479166666667,0.479166666667,12.217391304348,1.524522569444,1.000000000000,0.000000000000,281
C18E63A3EA120D7C,2333,medium_delay,sign,0.520833333333,0.520833333333,10.080000000000,1.367187500000,0.301526717557,0.120608356156,252
C18E63A3EA120D7C,2333,medium_delay,tanh,0.520833333333,0.520833333333,10.240000000000,1.388888888889,0.454048589055,0.073837540900,256
C18E63A3EA120D7C,2333,medium_delay,random,0.520833333333,0.520833333333,10.240000000000,1.388888888889,0.322047217689,0.109903046309,256
C18E63A3EA120D7C,2333,long_delay,kernel,0.520833333333,0.520833333333,9.320000000000,1.264105902778,0.272368265081,0.088878302276,233
C18E63A3EA120D7C,2333,long_delay,constant,0.520833333333,0.520833333333,9.360000000000,1.269531250000,0.272368265081,0.000000000000,234
C18E63A3EA120D7C,2333,long_delay,disabled,0.541666666667,0.541666666667,9.653846153846,1.361762152778,1.000000000000,0.000000000000,251
C18E63A3EA120D7C,2333,long_delay,sign,0.520833333333,0.520833333333,9.320000000000,1.264105902778,0.251432129514,0.098214013762,233
C18E63A3EA120D7C,2333,long_delay,tanh,0.479166666667,0.479166666667,10.260869565217,1.280381944444,0.422035327220,0.063869343443,236
C18E63A3EA120D7C,2333,long_delay,random,0.479166666667,0.479166666667,10.217391304348,1.274956597222,0.302046737203,0.102032907402,235
C18E63A3EA120D7C,2411,medium_delay,kernel,0.416666666667,0.416666666667,11.900000000000,1.291232638889,0.332513741625,0.113704442802,238
C18E63A3EA120D7C,2411,medium_delay,constant,0.437500000000,0.437500000000,11.238095238095,1.280381944444,0.332513741625,0.000000000000,236
C18E63A3EA120D7C,2411,medium_delay,disabled,0.437500000000,0.437500000000,12.523809523810,1.426866319444,1.000000000000,0.000000000000,263
C18E63A3EA120D7C,2411,medium_delay,sign,0.416666666667,0.416666666667,11.900000000000,1.291232638889,0.314657210402,0.125648050344,238
C18E63A3EA120D7C,2411,medium_delay,tanh,0.395833333333,0.395833333333,12.736842105263,1.312934027778,0.462529573041,0.079824323255,242
C18E63A3EA120D7C,2411,medium_delay,random,0.479166666667,0.479166666667,10.260869565217,1.280381944444,0.335866908014,0.114875467051,236
C18E63A3EA120D7C,2411,long_delay,kernel,0.395833333333,0.395833333333,12.473684210526,1.285807291667,0.308698627996,0.104739342139,237
C18E63A3EA120D7C,2411,long_delay,constant,0.479166666667,0.479166666667,10.217391304348,1.274956597222,0.308698627996,0.000000000000,235
C18E63A3EA120D7C,2411,long_delay,disabled,0.500000000000,0.500000000000,10.708333333333,1.394314236111,1.000000000000,0.000000000000,257
C18E63A3EA120D7C,2411,long_delay,sign,0.375000000000,0.375000000000,13.166666666667,1.285807291667,0.289622641509,0.115741367035,237
C18E63A3EA120D7C,2411,long_delay,tanh,0.416666666667,0.416666666667,12.000000000000,1.302083333333,0.448186921628,0.073837471127,240
C18E63A3EA120D7C,2411,long_delay,random,0.458333333333,0.458333333333,10.636363636364,1.269531250000,0.292884480243,0.098159895772,234
C18E63A3EA120D7C,2503,medium_delay,kernel,0.458333333333,0.458333333333,11.181818181818,1.334635416667,0.273592044861,0.089455721279,246
C18E63A3EA120D7C,2503,medium_delay,constant,0.520833333333,0.520833333333,9.800000000000,1.329210069444,0.273592044861,0.000000000000,245
C18E63A3EA120D7C,2503,medium_delay,disabled,0.395833333333,0.395833333333,14.315789473684,1.475694444444,1.000000000000,0.000000000000,272
C18E63A3EA120D7C,2503,medium_delay,sign,0.458333333333,0.458333333333,11.227272727273,1.340060763889,0.255163727960,0.100055199893,247
C18E63A3EA120D7C,2503,medium_delay,tanh,0.437500000000,0.437500000000,11.857142857143,1.350911458333,0.406289179065,0.060103504141,249
C18E63A3EA120D7C,2503,medium_delay,random,0.458333333333,0.458333333333,11.318181818182,1.350911458333,0.279182695791,0.092054293428,249
C18E63A3EA120D7C,2503,long_delay,kernel,0.562500000000,0.562500000000,8.074074074074,1.182725694444,0.295188792839,0.099148819879,218
C18E63A3EA120D7C,2503,long_delay,constant,0.541666666667,0.541666666667,8.346153846154,1.177300347222,0.295188792839,0.000000000000,217
C18E63A3EA120D7C,2503,long_delay,disabled,0.562500000000,0.562500000000,8.777777777778,1.285807291667,1.000000000000,0.000000000000,237
C18E63A3EA120D7C,2503,long_delay,sign,0.562500000000,0.562500000000,8.074074074074,1.182725694444,0.275418994413,0.109563371930,218
C18E63A3EA120D7C,2503,long_delay,tanh,0.541666666667,0.541666666667,8.538461538462,1.204427083333,0.435976786838,0.063667280448,222
C18E63A3EA120D7C,2503,long_delay,random,0.583333333333,0.583333333333,7.821428571429,1.188151041667,0.315417274604,0.107384294105,219
