experiment_hash,seed,condition,mode,accuracy,balanced_accuracy,spikes_per_correct,firing_rate_hz,assembly_separation,effective_gate,effective_gate_variance
3974457A05BA475D,89,standard,kernel,0.968750000000,0.968750000000,6.967741935484,3.515625000000,3.540416080856,0.326542062571,0.111562263774
3974457A05BA475D,89,standard,constant,0.968750000000,0.968750000000,7.032258064516,3.548177083333,3.545115628459,0.326542062571,0.000000000000
3974457A05BA475D,89,standard,disabled,0.968750000000,0.968750000000,7.903225806452,3.987630208333,3.732566473215,1.000000000000,0.000000000000
3974457A05BA475D,89,standard,sign,0.906250000000,0.906250000000,7.413793103448,3.499348958333,3.502851890175,0.304036697248,0.121598383974
3974457A05BA475D,89,standard,tanh,0.968750000000,0.968750000000,7.000000000000,3.531901041667,3.543458883656,0.454655845380,0.080791837456
3974457A05BA475D,89,standard,random,0.968750000000,0.968750000000,7.225806451613,3.645833333333,3.624768417414,0.353406965248,0.120634712404
3974457A05BA475D,89,high_noise,kernel,0.968750000000,0.968750000000,12.903225806452,6.510416666667,3.465529520778,0.574410901878,0.140491363952
3974457A05BA475D,89,high_noise,constant,0.937500000000,0.937500000000,13.366666666667,6.526692708333,3.369428048163,0.574410901878,0.000000000000
3974457A05BA475D,89,high_noise,disabled,1.000000000000,1.000000000000,13.000000000000,6.770833333333,3.383934162914,1.000000000000,0.000000000000
3974457A05BA475D,89,high_noise,sign,0.968750000000,0.968750000000,12.903225806452,6.510416666667,3.468471219476,0.568938656280,0.155247461670
3974457A05BA475D,89,high_noise,tanh,0.968750000000,0.968750000000,12.903225806452,6.510416666667,3.443964450573,0.621082388035,0.102442947967
3974457A05BA475D,89,high_noise,random,1.000000000000,1.000000000000,12.531250000000,6.526692708333,3.487748843566,0.553488100761,0.142797588184
3974457A05BA475D,89,weak_signal,kernel,0.562500000000,0.562500000000,3.111111111111,0.911458333333,1.746675787273,0.178318032185,0.035546740564
3974457A05BA475D,89,weak_signal,constant,0.562500000000,0.562500000000,3.166666666667,0.927734375000,1.761751058268,0.178318032185,0.000000000000
3974457A05BA475D,89,weak_signal,disabled,0.593750000000,0.593750000000,3.263157894737,1.009114583333,1.786670053621,1.000000000000,0.000000000000
3974457A05BA475D,89,weak_signal,sign,0.562500000000,0.562500000000,3.111111111111,0.911458333333,1.746675787273,0.152554744526,0.039281794448
3974457A05BA475D,89,weak_signal,tanh,0.562500000000,0.562500000000,3.222222222222,0.944010416667,1.734579685028,0.345579099626,0.032220866085
3974457A05BA475D,89,weak_signal,random,0.531250000000,0.531250000000,3.352941176471,0.927734375000,1.805373311757,0.198483536162,0.048474150923
3974457A05BA475D,89,sparse_network,kernel,0.968750000000,0.968750000000,10.806451612903,3.634982638889,3.689844644003,0.314732820400,0.107117810528
3974457A05BA475D,89,sparse_network,constant,0.968750000000,0.968750000000,10.903225806452,3.667534722222,3.682617351410,0.314732820400,0.000000000000
3974457A05BA475D,89,sparse_network,disabled,0.968750000000,0.968750000000,11.516129032258,3.873697916667,3.661671112274,1.000000000000,0.000000000000
3974457A05BA475D,89,sparse_network,sign,0.968750000000,0.968750000000,10.806451612903,3.634982638889,3.689844644003,0.295965417867,0.118369889294
3974457A05BA475D,89,sparse_network,tanh,0.968750000000,0.968750000000,10.903225806452,3.667534722222,3.702537442700,0.420002233863,0.084788482704
3974457A05BA475D,89,sparse_network,random,0.968750000000,0.968750000000,10.838709677419,3.645833333333,3.674984650244,0.328987396894,0.112448770317
3974457A05BA475D,107,standard,kernel,0.968750000000,0.968750000000,7.064516129032,3.564453125000,3.597152253001,0.354010773248,0.120820056613
3974457A05BA475D,107,standard,constant,1.000000000000,1.000000000000,6.812500000000,3.548177083333,3.597906043327,0.354010773248,0.000000000000
3974457A05BA475D,107,standard,disabled,1.000000000000,1.000000000000,7.343750000000,3.824869791667,3.591575894365,1.000000000000,0.000000000000
3974457A05BA475D,107,standard,sign,0.968750000000,0.968750000000,7.032258064516,3.548177083333,3.581854087289,0.337251356239,0.133512878954
3974457A05BA475D,107,standard,tanh,0.968750000000,0.968750000000,7.096774193548,3.580729166667,3.593628839394,0.452521623647,0.091043626609
3974457A05BA475D,107,standard,random,1.000000000000,1.000000000000,6.906250000000,3.597005208333,3.543405443978,0.325368129042,0.111131543620
3974457A05BA475D,107,high_noise,kernel,0.906250000000,0.906250000000,13.586206896552,6.412760416667,3.808164209042,0.542589945599,0.143646279582
3974457A05BA475D,107,high_noise,constant,0.906250000000,0.906250000000,13.655172413793,6.445312500000,3.784429058285,0.542589945599,0.000000000000
3974457A05BA475D,107,high_noise,disabled,0.937500000000,0.937500000000,13.833333333333,6.754557291667,4.033086567837,1.000000000000,0.000000000000
3974457A05BA475D,107,high_noise,sign,0.937500000000,0.937500000000,13.100000000000,6.396484375000,3.824014686480,0.535116044400,0.158766863426
3974457A05BA475D,107,high_noise,tanh,0.875000000000,0.875000000000,14.178571428571,6.461588541667,3.718959158735,0.590087456559,0.102907717411
3974457A05BA475D,107,high_noise,random,0.875000000000,0.875000000000,14.214285714286,6.477864583333,3.881587247996,0.525543402632,0.144506878942
3974457A05BA475D,107,weak_signal,kernel,0.781250000000,0.781250000000,2.360000000000,0.960286458333,2.520101230664,0.292079185419,0.097812005221
3974457A05BA475D,107,weak_signal,constant,0.781250000000,0.781250000000,2.280000000000,0.927734375000,2.465258936840,0.292079185419,0.000000000000
3974457A05BA475D,107,weak_signal,disabled,0.781250000000,0.781250000000,2.480000000000,1.009114583333,2.588940344968,1.000000000000,0.000000000000
3974457A05BA475D,107,weak_signal,sign,0.781250000000,0.781250000000,2.360000000000,0.960286458333,2.520101230664,0.272151898734,0.108085242750
3974457A05BA475D,107,weak_signal,tanh,0.781250000000,0.781250000000,2.320000000000,0.944010416667,2.481751091808,0.399831074256,0.057518142883
3974457A05BA475D,107,weak_signal,random,0.781250000000,0.781250000000,2.320000000000,0.944010416667,2.493410501083,0.297969774594,0.100330999054
3974457A05BA475D,107,sparse_network,kernel,1.000000000000,1.000000000000,10.093750000000,3.504774305556,3.949573257956,0.327675664333,0.111975060946
3974457A05BA475D,107,sparse_network,constant,1.000000000000,1.000000000000,10.031250000000,3.483072916667,3.953893421800,0.327675664333,0.000000000000
3974457A05BA475D,107,sparse_network,disabled,1.000000000000,1.000000000000,11.062500000000,3.841145833333,4.028984359004,1.000000000000,0.000000000000
3974457A05BA475D,107,sparse_network,sign,1.000000000000,1.000000000000,10.093750000000,3.504774305556,3.949573257956,0.309571788413,0.123737096232
3974457A05BA475D,107,sparse_network,tanh,1.000000000000,1.000000000000,10.125000000000,3.515625000000,3.987656665423,0.446559058218,0.080327603696
3974457A05BA475D,107,sparse_network,random,1.000000000000,1.000000000000,10.156250000000,3.526475694444,3.899464757552,0.333386492869,0.114011306678
3974457A05BA475D,131,standard,kernel,1.000000000000,1.000000000000,7.375000000000,3.841145833333,3.848483088791,0.413021856189,0.135612604293
3974457A05BA475D,131,standard,constant,1.000000000000,1.000000000000,7.593750000000,3.955078125000,3.914748597115,0.413021856189,0.000000000000
3974457A05BA475D,131,standard,disabled,1.000000000000,1.000000000000,8.250000000000,4.296875000000,3.947880334735,1.000000000000,0.000000000000
3974457A05BA475D,131,standard,sign,1.000000000000,1.000000000000,7.375000000000,3.841145833333,3.848483088791,0.399715099715,0.149942938775
3974457A05BA475D,131,standard,tanh,1.000000000000,1.000000000000,7.656250000000,3.987630208333,3.891635511856,0.532013139610,0.093364995322
3974457A05BA475D,131,standard,random,1.000000000000,1.000000000000,7.468750000000,3.889973958333,3.879444769245,0.386673355134,0.129869717773
3974457A05BA475D,131,high_noise,kernel,0.937500000000,0.937500000000,13.733333333333,6.705729166667,3.717008602584,0.584435848001,0.139074426082
3974457A05BA475D,131,high_noise,constant,0.937500000000,0.937500000000,13.900000000000,6.787109375000,3.674564088015,0.584435848001,0.000000000000
3974457A05BA475D,131,high_noise,disabled,0.937500000000,0.937500000000,14.300000000000,6.982421875000,3.750004241762,1.000000000000,0.000000000000
3974457A05BA475D,131,high_noise,sign,0.937500000000,0.937500000000,13.733333333333,6.705729166667,3.717008602584,0.579478827362,0.153683116001
3974457A05BA475D,131,high_noise,tanh,0.937500000000,0.937500000000,13.866666666667,6.770833333333,3.623745891467,0.651380067313,0.102218183388
3974457A05BA475D,131,high_noise,random,0.937500000000,0.937500000000,13.766666666667,6.722005208333,3.721123872173,0.573071957236,0.140663447976
3974457A05BA475D,131,weak_signal,kernel,0.656250000000,0.656250000000,2.285714285714,0.781250000000,2.059550059227,0.228301749621,0.066096707052
3974457A05BA475D,131,weak_signal,constant,0.656250000000,0.656250000000,2.285714285714,0.781250000000,2.059550059227,0.228301749621,0.000000000000
3974457A05BA475D,131,weak_signal,disabled,0.687500000000,0.687500000000,2.227272727273,0.797526041667,1.984778300034,1.000000000000,0.000000000000
3974457A05BA475D,131,weak_signal,sign,0.656250000000,0.656250000000,2.285714285714,0.781250000000,2.059550059227,0.205109489051,0.073039586552
3974457A05BA475D,131,weak_signal,tanh,0.656250000000,0.656250000000,2.285714285714,0.781250000000,2.059550059227,0.380977259091,0.049522784669
3974457A05BA475D,131,weak_signal,random,0.656250000000,0.656250000000,2.285714285714,0.781250000000,2.059550059227,0.222746825630,0.062949236755
3974457A05BA475D,131,sparse_network,kernel,1.000000000000,1.000000000000,9.843750000000,3.417968750000,3.874923475455,0.364790672798,0.124044511584
3974457A05BA475D,131,sparse_network,constant,1.000000000000,1.000000000000,10.062500000000,3.493923611111,3.892004586085,0.364790672798,0.000000000000
3974457A05BA475D,131,sparse_network,disabled,1.000000000000,1.000000000000,10.750000000000,3.732638888889,3.871270619373,1.000000000000,0.000000000000
3974457A05BA475D,131,sparse_network,sign,1.000000000000,1.000000000000,9.812500000000,3.407118055556,3.862416869570,0.344318181818,0.135763171488
3974457A05BA475D,131,sparse_network,tanh,1.000000000000,1.000000000000,10.093750000000,3.504774305556,3.883773060102,0.503834657666,0.083047854855
3974457A05BA475D,131,sparse_network,random,1.000000000000,1.000000000000,10.031250000000,3.483072916667,3.868427034275,0.368190688159,0.125012335629
3974457A05BA475D,149,standard,kernel,0.968750000000,0.968750000000,7.258064516129,3.662109375000,3.912255249414,0.400109031593,0.132971750362
3974457A05BA475D,149,standard,constant,1.000000000000,1.000000000000,7.281250000000,3.792317708333,3.948035582688,0.400109031593,0.000000000000
3974457A05BA475D,149,standard,disabled,1.000000000000,1.000000000000,7.812500000000,4.069010416667,3.875440932088,1.000000000000,0.000000000000
3974457A05BA475D,149,standard,sign,0.968750000000,0.968750000000,7.161290322581,3.613281250000,3.935877917112,0.384410646388,0.146639101332
3974457A05BA475D,149,standard,tanh,0.968750000000,0.968750000000,7.548387096774,3.808593750000,3.922237988577,0.530792866471,0.087303837414
3974457A05BA475D,149,standard,random,0.968750000000,0.968750000000,7.419354838710,3.743489583333,3.902711113542,0.408327053976,0.134690911355
3974457A05BA475D,149,high_noise,kernel,0.968750000000,0.968750000000,12.645161290323,6.380208333333,3.608189697663,0.575076666268,0.140401287466
3974457A05BA475D,149,high_noise,constant,0.968750000000,0.968750000000,12.806451612903,6.461588541667,3.711176870020,0.575076666268,0.000000000000
3974457A05BA475D,149,high_noise,disabled,1.000000000000,1.000000000000,12.843750000000,6.689453125000,3.918908491803,1.000000000000,0.000000000000
3974457A05BA475D,149,high_noise,sign,0.968750000000,0.968750000000,12.645161290323,6.380208333333,3.608189697663,0.569639065817,0.155150400512
3974457A05BA475D,149,high_noise,tanh,0.968750000000,0.968750000000,12.838709677419,6.477864583333,3.770122427954,0.641838842549,0.095592947761
3974457A05BA475D,149,high_noise,random,0.968750000000,0.968750000000,12.709677419355,6.412760416667,3.701913415433,0.576307529295,0.140237078532
3974457A05BA475D,149,weak_signal,kernel,0.687500000000,0.687500000000,2.227272727273,0.797526041667,2.296060344919,0.197496892664,0.047864809509
3974457A05BA475D,149,weak_signal,constant,0.687500000000,0.687500000000,2.227272727273,0.797526041667,2.296060344919,0.197496892664,0.000000000000
3974457A05BA475D,149,weak_signal,disabled,0.656250000000,0.656250000000,2.571428571429,0.878906250000,2.383666779191,1.000000000000,0.000000000000
3974457A05BA475D,149,weak_signal,sign,0.687500000000,0.687500000000,2.227272727273,0.797526041667,2.296060344919,0.172727272727,0.052892561983
3974457A05BA475D,149,weak_signal,tanh,0.687500000000,0.687500000000,2.227272727273,0.797526041667,2.296060344919,0.350368857607,0.035037536298
3974457A05BA475D,149,weak_signal,random,0.625000000000,0.625000000000,2.550000000000,0.830078125000,2.354057509363,0.170591967025,0.030388236266
3974457A05BA475D,149,sparse_network,kernel,1.000000000000,1.000000000000,9.593750000000,3.331163194444,3.937861930612,0.317097697163,0.108029532237
3974457A05BA475D,149,sparse_network,constant,1.000000000000,1.000000000000,9.593750000000,3.331163194444,3.940483685120,0.317097697163,0.000000000000
3974457A05BA475D,149,sparse_network,disabled,1.000000000000,1.000000000000,10.093750000000,3.504774305556,4.025065106480,1.000000000000,0.000000000000
3974457A05BA475D,149,sparse_network,sign,1.000000000000,1.000000000000,9.593750000000,3.331163194444,3.928241149060,0.302170542636,0.120863505799
3974457A05BA475D,149,sparse_network,tanh,1.000000000000,1.000000000000,9.656250000000,3.352864583333,3.944761870064,0.435596125750,0.072215821029
3974457A05BA475D,149,sparse_network,random,1.000000000000,1.000000000000,9.625000000000,3.342013888889,3.966396555636,0.328707571583,0.112347323461
3974457A05BA475D,173,standard,kernel,1.000000000000,1.000000000000,7.187500000000,3.743489583333,3.548797791024,0.410914100536,0.135204361204
3974457A05BA475D,173,standard,constant,1.000000000000,1.000000000000,7.125000000000,3.710937500000,3.531426376070,0.410914100536,0.000000000000
3974457A05BA475D,173,standard,disabled,1.000000000000,1.000000000000,7.875000000000,4.101562500000,3.691555979196,1.000000000000,0.000000000000
3974457A05BA475D,173,standard,sign,1.000000000000,1.000000000000,7.125000000000,3.710937500000,3.571272495706,0.394736842105,0.148919667590
3974457A05BA475D,173,standard,tanh,1.000000000000,1.000000000000,7.343750000000,3.824869791667,3.580476861152,0.514864392574,0.097732834008
3974457A05BA475D,173,standard,random,1.000000000000,1.000000000000,7.031250000000,3.662109375000,3.477159107999,0.411763927199,0.135370187354
3974457A05BA475D,173,high_noise,kernel,0.968750000000,0.968750000000,13.129032258065,6.624348958333,3.859153768652,0.579538601408,0.139791099983
3974457A05BA475D,173,high_noise,constant,0.968750000000,0.968750000000,13.096774193548,6.608072916667,3.843645747208,0.579538601408,0.000000000000
3974457A05BA475D,173,high_noise,disabled,1.000000000000,1.000000000000,13.250000000000,6.901041666667,3.889152416784,1.000000000000,0.000000000000
3974457A05BA475D,173,high_noise,sign,0.968750000000,0.968750000000,13.129032258065,6.624348958333,3.859153768652,0.574330164218,0.154475026687
3974457A05BA475D,173,high_noise,tanh,1.000000000000,1.000000000000,12.781250000000,6.656901041667,3.907655477330,0.634073290763,0.104180086980
3974457A05BA475D,173,high_noise,random,1.000000000000,1.000000000000,12.875000000000,6.705729166667,3.886535819540,0.599459010656,0.136577426318
3974457A05BA475D,173,weak_signal,kernel,0.687500000000,0.687500000000,2.545454545455,0.911458333333,2.392076453514,0.163592037794,0.025604025134
3974457A05BA475D,173,weak_signal,constant,0.687500000000,0.687500000000,2.545454545455,0.911458333333,2.392076453514,0.163592037794,0.000000000000
3974457A05BA475D,173,weak_signal,disabled,0.625000000000,0.625000000000,2.900000000000,0.944010416667,2.380415624698,1.000000000000,0.000000000000
3974457A05BA475D,173,weak_signal,sign,0.687500000000,0.687500000000,2.545454545455,0.911458333333,2.392076453514,0.137086092715,0.028293495899
3974457A05BA475D,173,weak_signal,tanh,0.625000000000,0.625000000000,2.850000000000,0.927734375000,2.346720513790,0.350130520348,0.037845843764
3974457A05BA475D,173,weak_signal,random,0.687500000000,0.687500000000,2.545454545455,0.911458333333,2.392076453514,0.183751794688,0.039117252734
3974457A05BA475D,173,sparse_network,kernel,1.000000000000,1.000000000000,9.468750000000,3.287760416667,3.823043065921,0.334467380768,0.114389878853
3974457A05BA475D,173,sparse_network,constant,1.000000000000,1.000000000000,9.718750000000,3.374565972222,3.852749353188,0.334467380768,0.000000000000
3974457A05BA475D,173,sparse_network,disabled,1.000000000000,1.000000000000,10.468750000000,3.634982638889,3.926169997357,1.000000000000,0.000000000000
3974457A05BA475D,173,sparse_network,sign,1.000000000000,1.000000000000,9.468750000000,3.287760416667,3.823043065921,0.316711590296,0.126405358868
3974457A05BA475D,173,sparse_network,tanh,1.000000000000,1.000000000000,9.687500000000,3.363715277778,3.849989668409,0.467421979800,0.085989203104
3974457A05BA475D,173,sparse_network,random,1.000000000000,1.000000000000,9.593750000000,3.331163194444,3.854978598843,0.329056322043,0.112473679128
3974457A05BA475D,197,standard,kernel,0.968750000000,0.968750000000,7.451612903226,3.759765625000,3.606426603041,0.426207574016,0.137965048180
3974457A05BA475D,197,standard,constant,0.968750000000,0.968750000000,7.483870967742,3.776041666667,3.587524439739,0.426207574016,0.000000000000
3974457A05BA475D,197,standard,disabled,1.000000000000,1.000000000000,7.875000000000,4.101562500000,3.631760362272,1.000000000000,0.000000000000
3974457A05BA475D,197,standard,sign,0.968750000000,0.968750000000,7.451612903226,3.759765625000,3.606426603041,0.413149847095,0.152457050940
3974457A05BA475D,197,standard,tanh,1.000000000000,1.000000000000,7.343750000000,3.824869791667,3.607872774336,0.531478057546,0.101288756882
3974457A05BA475D,197,standard,random,0.968750000000,0.968750000000,7.580645161290,3.824869791667,3.637911008262,0.427044839217,0.138102655575
3974457A05BA475D,197,high_noise,kernel,0.968750000000,0.968750000000,13.032258064516,6.575520833333,3.387125627419,0.596943304786,0.137026541315
3974457A05BA475D,197,high_noise,constant,0.937500000000,0.937500000000,13.600000000000,6.640625000000,3.451204493870,0.596943304786,0.000000000000
3974457A05BA475D,197,high_noise,disabled,0.875000000000,0.875000000000,15.035714285714,6.852213541667,3.319836931727,1.000000000000,0.000000000000
3974457A05BA475D,197,high_noise,sign,0.968750000000,0.968750000000,13.000000000000,6.559244791667,3.398149535201,0.591826086957,0.151567969754
3974457A05BA475D,197,high_noise,tanh,0.937500000000,0.937500000000,13.500000000000,6.591796875000,3.427942524051,0.655155134800,0.099049519799
3974457A05BA475D,197,high_noise,random,0.937500000000,0.937500000000,13.600000000000,6.640625000000,3.343441705546,0.612902900482,0.133959271954
3974457A05BA475D,197,weak_signal,kernel,0.500000000000,0.500000000000,3.625000000000,0.944010416667,1.835418432440,0.158410143182,0.021998929715
3974457A05BA475D,197,weak_signal,constant,0.500000000000,0.500000000000,3.625000000000,0.944010416667,1.835418432440,0.158410143182,0.000000000000
3974457A05BA475D,197,weak_signal,disabled,0.500000000000,0.500000000000,3.625000000000,0.944010416667,1.835418432440,1.000000000000,0.000000000000
3974457A05BA475D,197,weak_signal,sign,0.500000000000,0.500000000000,3.625000000000,0.944010416667,1.835418432440,0.131638418079,0.024309744965
3974457A05BA475D,197,weak_signal,tanh,0.500000000000,0.500000000000,3.625000000000,0.944010416667,1.835418432440,0.345082685202,0.023015874399
3974457A05BA475D,197,weak_signal,random,0.500000000000,0.500000000000,3.625000000000,0.944010416667,1.835418432440,0.188507425858,0.042186167603
3974457A05BA475D,197,sparse_network,kernel,1.000000000000,1.000000000000,9.500000000000,3.298611111111,3.792185294848,0.323254895125,0.110356831186
3974457A05BA475D,197,sparse_network,constant,1.000000000000,1.000000000000,9.593750000000,3.331163194444,3.856950476746,0.323254895125,0.000000000000
3974457A05BA475D,197,sparse_network,disabled,1.000000000000,1.000000000000,9.906250000000,3.439670138889,3.916870908055,1.000000000000,0.000000000000
3974457A05BA475D,197,sparse_network,sign,1.000000000000,1.000000000000,9.500000000000,3.298611111111,3.792185294848,0.308393632417,0.123286999902
3974457A05BA475D,197,sparse_network,tanh,1.000000000000,1.000000000000,9.625000000000,3.342013888889,3.820229175660,0.435257158555,0.075725670912
3974457A05BA475D,197,sparse_network,random,1.000000000000,1.000000000000,9.437500000000,3.276909722222,3.837159782233,0.322433798665,0.110051109837
3974457A05BA475D,223,standard,kernel,0.937500000000,0.937500000000,7.300000000000,3.564453125000,3.476913054344,0.362792581543,0.123465444752
3974457A05BA475D,223,standard,constant,0.937500000000,0.937500000000,7.566666666667,3.694661458333,3.441623487027,0.362792581543,0.000000000000
3974457A05BA475D,223,standard,disabled,0.937500000000,0.937500000000,8.166666666667,3.987630208333,3.412904409975,1.000000000000,0.000000000000
3974457A05BA475D,223,standard,sign,0.937500000000,0.937500000000,7.300000000000,3.564453125000,3.476913054344,0.346486486486,0.136433601169
3974457A05BA475D,223,standard,tanh,0.937500000000,0.937500000000,7.633333333333,3.727213541667,3.409264981864,0.493107234690,0.090849681763
3974457A05BA475D,223,standard,random,0.937500000000,0.937500000000,7.433333333333,3.629557291667,3.464644017632,0.328655340762,0.112329892153
3974457A05BA475D,223,high_noise,kernel,0.875000000000,0.875000000000,14.142857142857,6.445312500000,3.427474440608,0.557100047735,0.142457015887
3974457A05BA475D,223,high_noise,constant,0.906250000000,0.906250000000,13.689655172414,6.461588541667,3.464751919418,0.557100047735,0.000000000000
3974457A05BA475D,223,high_noise,disabled,0.875000000000,0.875000000000,14.857142857143,6.770833333333,3.433051104844,1.000000000000,0.000000000000
3974457A05BA475D,223,high_noise,sign,0.875000000000,0.875000000000,14.142857142857,6.445312500000,3.427474440608,0.549164208456,0.157582880607
3974457A05BA475D,223,high_noise,tanh,0.843750000000,0.843750000000,14.925925925926,6.559244791667,3.461693730125,0.627161488586,0.096345351682
3974457A05BA475D,223,high_noise,random,0.843750000000,0.843750000000,14.777777777778,6.494140625000,3.513215401915,0.513989447014,0.144758815466
3974457A05BA475D,223,weak_signal,kernel,0.843750000000,0.843750000000,2.592592592593,1.139322916667,2.208901067415,0.220814096089,0.061839197303
3974457A05BA475D,223,weak_signal,constant,0.843750000000,0.843750000000,2.592592592593,1.139322916667,2.207454255627,0.220814096089,0.000000000000
3974457A05BA475D,223,weak_signal,disabled,0.781250000000,0.781250000000,3.120000000000,1.269531250000,2.286103812556,1.000000000000,0.000000000000
3974457A05BA475D,223,weak_signal,sign,0.843750000000,0.843750000000,2.592592592593,1.139322916667,2.208901067415,0.197237569061,0.068334910412
3974457A05BA475D,223,weak_signal,tanh,0.843750000000,0.843750000000,2.666666666667,1.171875000000,2.199277307086,0.383889965220,0.049924155578
3974457A05BA475D,223,weak_signal,random,0.812500000000,0.812500000000,2.769230769231,1.171875000000,2.216420141137,0.206473092536,0.053372744204
3974457A05BA475D,223,sparse_network,kernel,1.000000000000,1.000000000000,9.593750000000,3.331163194444,3.779275009096,0.328326970216,0.112210746823
3974457A05BA475D,223,sparse_network,constant,1.000000000000,1.000000000000,9.812500000000,3.407118055556,3.806650558317,0.328326970216,0.000000000000
3974457A05BA475D,223,sparse_network,disabled,1.000000000000,1.000000000000,10.281250000000,3.569878472222,3.873774628201,1.000000000000,0.000000000000
3974457A05BA475D,223,sparse_network,sign,1.000000000000,1.000000000000,9.593750000000,3.331163194444,3.779275009096,0.310256410256,0.123997370151
3974457A05BA475D,223,sparse_network,tanh,1.000000000000,1.000000000000,9.937500000000,3.450520833333,3.798416364552,0.468581193759,0.083631488743
3974457A05BA475D,223,sparse_network,random,1.000000000000,1.000000000000,9.718750000000,3.374565972222,3.785754775412,0.317373626564,0.108136636314
3974457A05BA475D,251,standard,kernel,1.000000000000,1.000000000000,6.750000000000,3.515625000000,3.616412855831,0.370917975640,0.125772396338
3974457A05BA475D,251,standard,constant,1.000000000000,1.000000000000,6.937500000000,3.613281250000,3.609515012808,0.370917975640,0.000000000000
3974457A05BA475D,251,standard,disabled,1.000000000000,1.000000000000,7.531250000000,3.922526041667,3.577742717174,1.000000000000,0.000000000000
3974457A05BA475D,251,standard,sign,1.000000000000,1.000000000000,6.750000000000,3.515625000000,3.616412855831,0.355028462998,0.138983253459
3974457A05BA475D,251,standard,tanh,1.000000000000,1.000000000000,6.875000000000,3.580729166667,3.629856319568,0.487239361979,0.090961698677
3974457A05BA475D,251,standard,random,1.000000000000,1.000000000000,6.968750000000,3.629557291667,3.678020244355,0.369614538311,0.125411114932
3974457A05BA475D,251,high_noise,kernel,0.906250000000,0.906250000000,13.517241379310,6.380208333333,3.232523673228,0.520826903224,0.144641539268
3974457A05BA475D,251,high_noise,constant,0.875000000000,0.875000000000,14.107142857143,6.429036458333,3.348434371330,0.520826903224,0.000000000000
3974457A05BA475D,251,high_noise,disabled,0.875000000000,0.875000000000,14.857142857143,6.770833333333,3.453376019205,1.000000000000,0.000000000000
3974457A05BA475D,251,high_noise,sign,0.906250000000,0.906250000000,13.551724137931,6.396484375000,3.232680374483,0.515432742440,0.159761830461
3974457A05BA475D,251,high_noise,tanh,0.875000000000,0.875000000000,14.107142857143,6.429036458333,3.306699907991,0.586194060300,0.098587013398
3974457A05BA475D,251,high_noise,random,0.875000000000,0.875000000000,13.857142857143,6.315104166667,3.359837904843,0.515250097516,0.144740331805
3974457A05BA475D,251,weak_signal,kernel,0.687500000000,0.687500000000,3.227272727273,1.155598958333,2.016298236233,0.233125720586,0.068780422988
3974457A05BA475D,251,weak_signal,constant,0.656250000000,0.656250000000,3.380952380952,1.155598958333,1.953743560716,0.233125720586,0.000000000000
3974457A05BA475D,251,weak_signal,disabled,0.718750000000,0.718750000000,3.391304347826,1.269531250000,2.044795639924,1.000000000000,0.000000000000
3974457A05BA475D,251,weak_signal,sign,0.687500000000,0.687500000000,3.227272727273,1.155598958333,2.016298236233,0.210179640719,0.076004159346
3974457A05BA475D,251,weak_signal,tanh,0.687500000000,0.687500000000,3.272727272727,1.171875000000,1.983897856759,0.369389563047,0.038651106437
3974457A05BA475D,251,weak_signal,random,0.656250000000,0.656250000000,3.333333333333,1.139322916667,1.986188153798,0.253604545197,0.079653135207
3974457A05BA475D,251,sparse_network,kernel,1.000000000000,1.000000000000,11.500000000000,3.993055555556,4.053255641004,0.356731230236,0.121658210994
3974457A05BA475D,251,sparse_network,constant,1.000000000000,1.000000000000,11.437500000000,3.971354166667,4.049026458142,0.356731230236,0.000000000000
3974457A05BA475D,251,sparse_network,disabled,1.000000000000,1.000000000000,11.968750000000,4.155815972222,4.051910419040,1.000000000000,0.000000000000
3974457A05BA475D,251,sparse_network,sign,1.000000000000,1.000000000000,11.500000000000,3.993055555556,4.053255641004,0.340115440115,0.134436927511
3974457A05BA475D,251,sparse_network,tanh,1.000000000000,1.000000000000,11.531250000000,4.003906250000,4.033609427484,0.484221788731,0.084566338732
3974457A05BA475D,251,sparse_network,random,1.000000000000,1.000000000000,11.375000000000,3.949652777778,4.078107988453,0.351885546309,0.120160646066
3974457A05BA475D,281,standard,kernel,0.937500000000,0.937500000000,6.933333333333,3.385416666667,4.140463789339,0.378707348886,0.127859924759
3974457A05BA475D,281,standard,constant,0.937500000000,0.937500000000,7.066666666667,3.450520833333,4.083833796412,0.378707348886,0.000000000000
3974457A05BA475D,281,standard,disabled,0.906250000000,0.906250000000,7.793103448276,3.678385416667,4.105688965542,1.000000000000,0.000000000000
3974457A05BA475D,281,standard,sign,0.968750000000,0.968750000000,6.677419354839,3.369140625000,4.103401498168,0.365677179963,0.141957380017
3974457A05BA475D,281,standard,tanh,0.937500000000,0.937500000000,7.033333333333,3.434244791667,4.087158495418,0.497601408132,0.086671068698
3974457A05BA475D,281,standard,random,0.937500000000,0.937500000000,6.966666666667,3.401692708333,4.066355874421,0.392834365316,0.131336811492
3974457A05BA475D,281,high_noise,kernel,0.906250000000,0.906250000000,14.551724137931,6.868489583333,3.591542852264,0.602751659334,0.135967388652
3974457A05BA475D,281,high_noise,constant,0.937500000000,0.937500000000,14.033333333333,6.852213541667,3.575681201180,0.602751659334,0.000000000000
3974457A05BA475D,281,high_noise,disabled,0.937500000000,0.937500000000,14.733333333333,7.194010416667,3.627322149407,1.000000000000,0.000000000000
3974457A05BA475D,281,high_noise,sign,0.937500000000,0.937500000000,14.066666666667,6.868489583333,3.620608673579,0.600453309157,0.149909132679
3974457A05BA475D,281,high_noise,tanh,0.937500000000,0.937500000000,14.100000000000,6.884765625000,3.596797044614,0.666656014919,0.086260941237
3974457A05BA475D,281,high_noise,random,0.937500000000,0.937500000000,14.200000000000,6.933593750000,3.599086529132,0.636349951769,0.128527720049
3974457A05BA475D,281,weak_signal,kernel,0.625000000000,0.625000000000,3.450000000000,1.123046875000,2.919310429015,0.211335981288,0.056290672739
3974457A05BA475D,281,weak_signal,constant,0.625000000000,0.625000000000,3.500000000000,1.139322916667,2.918242675973,0.211335981288,0.000000000000
3974457A05BA475D,281,weak_signal,disabled,0.625000000000,0.625000000000,3.650000000000,1.188151041667,2.905638924428,1.000000000000,0.000000000000
3974457A05BA475D,281,weak_signal,sign,0.625000000000,0.625000000000,3.450000000000,1.123046875000,2.919310429015,0.187272727273,0.062201652893
3974457A05BA475D,281,weak_signal,tanh,0.625000000000,0.625000000000,3.500000000000,1.139322916667,2.918242675973,0.398977076731,0.045908927435
3974457A05BA475D,281,weak_signal,random,0.625000000000,0.625000000000,3.450000000000,1.123046875000,2.919310429015,0.214899169019,0.058398344329
3974457A05BA475D,281,sparse_network,kernel,1.000000000000,1.000000000000,10.468750000000,3.634982638889,3.794034488829,0.392401167968,0.131236323299
3974457A05BA475D,281,sparse_network,constant,1.000000000000,1.000000000000,10.468750000000,3.634982638889,3.824494335080,0.392401167968,0.000000000000
3974457A05BA475D,281,sparse_network,disabled,1.000000000000,1.000000000000,11.406250000000,3.960503472222,3.788185591881,1.000000000000,0.000000000000
3974457A05BA475D,281,sparse_network,sign,1.000000000000,1.000000000000,10.468750000000,3.634982638889,3.794034488829,0.377306733167,0.144946362274
3974457A05BA475D,281,sparse_network,tanh,1.000000000000,1.000000000000,10.531250000000,3.656684027778,3.799886548541,0.508663502911,0.092011516264
3974457A05BA475D,281,sparse_network,random,1.000000000000,1.000000000000,10.468750000000,3.634982638889,3.798208701947,0.406416994262,0.134303404369
3974457A05BA475D,313,standard,kernel,0.968750000000,0.968750000000,6.322580645161,3.190104166667,4.008810622471,0.312317448881,0.106174916701
3974457A05BA475D,313,standard,constant,0.968750000000,0.968750000000,6.387096774194,3.222656250000,3.994399275933,0.312317448881,0.000000000000
3974457A05BA475D,313,standard,disabled,0.968750000000,0.968750000000,6.903225806452,3.483072916667,4.206944640516,1.000000000000,0.000000000000
3974457A05BA475D,313,standard,sign,0.968750000000,0.968750000000,6.290322580645,3.173828125000,4.034401363887,0.298113207547,0.119241723033
3974457A05BA475D,313,standard,tanh,0.968750000000,0.968750000000,6.354838709677,3.206380208333,3.962521020849,0.453584095720,0.078499272053
3974457A05BA475D,313,standard,random,0.968750000000,0.968750000000,6.322580645161,3.190104166667,4.057048639081,0.312375600650,0.106197794989
3974457A05BA475D,313,high_noise,kernel,0.937500000000,0.937500000000,12.733333333333,6.217447916667,3.712959919160,0.509705329129,0.144790015049
3974457A05BA475D,313,high_noise,constant,0.906250000000,0.906250000000,13.137931034483,6.201171875000,3.623986062628,0.509705329129,0.000000000000
3974457A05BA475D,313,high_noise,disabled,0.937500000000,0.937500000000,13.166666666667,6.429036458333,3.659546155390,1.000000000000,0.000000000000
3974457A05BA475D,313,high_noise,sign,0.937500000000,0.937500000000,12.733333333333,6.217447916667,3.712959919160,0.500461361015,0.159999787146
3974457A05BA475D,313,high_noise,tanh,0.937500000000,0.937500000000,12.733333333333,6.217447916667,3.735866845730,0.581709737489,0.097848393481
3974457A05BA475D,313,high_noise,random,0.906250000000,0.906250000000,13.137931034483,6.201171875000,3.658774956793,0.534782923995,0.144117353900
3974457A05BA475D,313,weak_signal,kernel,0.718750000000,0.718750000000,2.086956521739,0.781250000000,1.743205513975,0.196805546664,0.047433478403
3974457A05BA475D,313,weak_signal,constant,0.718750000000,0.718750000000,2.086956521739,0.781250000000,1.743205513975,0.196805546664,0.000000000000
3974457A05BA475D,313,weak_signal,disabled,0.687500000000,0.687500000000,2.272727272727,0.813802083333,1.681727863437,1.000000000000,0.000000000000
3974457A05BA475D,313,weak_signal,sign,0.718750000000,0.718750000000,2.086956521739,0.781250000000,1.743205513975,0.172000000000,0.052416000000
3974457A05BA475D,313,weak_signal,tanh,0.718750000000,0.718750000000,2.086956521739,0.781250000000,1.743205513975,0.374197658344,0.032626365026
3974457A05BA475D,313,weak_signal,random,0.718750000000,0.718750000000,2.043478260870,0.764973958333,1.799696179686,0.158753817959,0.022239896073
3974457A05BA475D,313,sparse_network,kernel,0.968750000000,0.968750000000,10.548387096774,3.548177083333,3.760591692031,0.378543606783,0.127818038018
3974457A05BA475D,313,sparse_network,constant,0.968750000000,0.968750000000,10.612903225806,3.569878472222,3.766309990389,0.378543606783,0.000000000000
3974457A05BA475D,313,sparse_network,disabled,1.000000000000,1.000000000000,10.843750000000,3.765190972222,3.857052442366,1.000000000000,0.000000000000
3974457A05BA475D,313,sparse_network,sign,0.968750000000,0.968750000000,10.548387096774,3.548177083333,3.760591692031,0.363043478261,0.141242911153
3974457A05BA475D,313,sparse_network,tanh,0.968750000000,0.968750000000,10.774193548387,3.624131944444,3.779125217209,0.495688806445,0.089746033146
3974457A05BA475D,313,sparse_network,random,0.937500000000,0.937500000000,11.133333333333,3.624131944444,3.795253464704,0.380638994484,0.128359502136
3974457A05BA475D,347,standard,kernel,1.000000000000,1.000000000000,6.406250000000,3.336588541667,3.574704250716,0.261915648481,0.083826065252
3974457A05BA475D,347,standard,constant,1.000000000000,1.000000000000,6.375000000000,3.320312500000,3.585808162650,0.261915648481,0.000000000000
3974457A05BA475D,347,standard,disabled,1.000000000000,1.000000000000,6.906250000000,3.597005208333,3.527262137365,1.000000000000,0.000000000000
3974457A05BA475D,347,standard,sign,1.000000000000,1.000000000000,6.406250000000,3.336588541667,3.574704250716,0.240444444444,0.092630913580
3974457A05BA475D,347,standard,tanh,1.000000000000,1.000000000000,6.500000000000,3.385416666667,3.544698795115,0.389929590887,0.062209758312
3974457A05BA475D,347,standard,random,1.000000000000,1.000000000000,6.343750000000,3.304036458333,3.584698008193,0.250348702061,0.077980210250
3974457A05BA475D,347,high_noise,kernel,1.000000000000,1.000000000000,12.406250000000,6.461588541667,4.144006143530,0.442035555502,0.140331028310
3974457A05BA475D,347,high_noise,constant,1.000000000000,1.000000000000,12.375000000000,6.445312500000,4.094404618666,0.442035555502,0.000000000000
3974457A05BA475D,347,high_noise,disabled,1.000000000000,1.000000000000,13.031250000000,6.787109375000,4.141407017711,1.000000000000,0.000000000000
3974457A05BA475D,347,high_noise,sign,1.000000000000,1.000000000000,12.406250000000,6.461588541667,4.144006143530,0.429784824462,0.155069829124
3974457A05BA475D,347,high_noise,tanh,1.000000000000,1.000000000000,12.531250000000,6.526692708333,4.139094396344,0.510022488658,0.086965674411
3974457A05BA475D,347,high_noise,random,1.000000000000,1.000000000000,12.437500000000,6.477864583333,4.110612552880,0.433412488266,0.139104374200
3974457A05BA475D,347,weak_signal,kernel,0.656250000000,0.656250000000,2.571428571429,0.878906250000,2.121339129650,0.135047644380,0.005080112236
3974457A05BA475D,347,weak_signal,constant,0.656250000000,0.656250000000,2.571428571429,0.878906250000,2.121339129650,0.135047644380,0.000000000000
3974457A05BA475D,347,weak_signal,disabled,0.687500000000,0.687500000000,2.636363636364,0.944010416667,2.066393176099,1.000000000000,0.000000000000
3974457A05BA475D,347,weak_signal,sign,0.656250000000,0.656250000000,2.571428571429,0.878906250000,2.121339129650,0.107079646018,0.005613595426
3974457A05BA475D,347,weak_signal,tanh,0.718750000000,0.718750000000,2.391304347826,0.895182291667,2.110253927509,0.306348475785,0.007966584641
3974457A05BA475D,347,weak_signal,random,0.656250000000,0.656250000000,2.571428571429,0.878906250000,2.121339129650,0.128312613003,0.000000000004
3974457A05BA475D,347,sparse_network,kernel,1.000000000000,1.000000000000,9.906250000000,3.439670138889,3.921871629263,0.310246572557,0.105357280422
3974457A05BA475D,347,sparse_network,constant,1.000000000000,1.000000000000,10.187500000000,3.537326388889,3.949657267774,0.310246572557,0.000000000000
3974457A05BA475D,347,sparse_network,disabled,1.000000000000,1.000000000000,10.812500000000,3.754340277778,4.061299943644,1.000000000000,0.000000000000
3974457A05BA475D,347,sparse_network,sign,1.000000000000,1.000000000000,9.906250000000,3.439670138889,3.921871629263,0.289341692790,0.115623077603
3974457A05BA475D,347,sparse_network,tanh,1.000000000000,1.000000000000,10.156250000000,3.526475694444,3.927760379347,0.438219132708,0.077030858495
3974457A05BA475D,347,sparse_network,random,1.000000000000,1.000000000000,9.968750000000,3.461371527778,3.940950370551,0.358639921319,0.122235424538
3974457A05BA475D,383,standard,kernel,0.968750000000,0.968750000000,6.903225806452,3.483072916667,3.856646828478,0.445642864678,0.140798736399
3974457A05BA475D,383,standard,constant,0.968750000000,0.968750000000,6.903225806452,3.483072916667,3.847406601357,0.445642864678,0.000000000000
3974457A05BA475D,383,standard,disabled,0.968750000000,0.968750000000,7.516129032258,3.792317708333,3.837814367180,1.000000000000,0.000000000000
3974457A05BA475D,383,standard,sign,0.968750000000,0.968750000000,6.870967741935,3.466796875000,3.831154611818,0.430111524164,0.155115600945
3974457A05BA475D,383,standard,tanh,0.968750000000,0.968750000000,7.000000000000,3.531901041667,3.857411436376,0.539947506942,0.096331082360
3974457A05BA475D,383,standard,random,0.968750000000,0.968750000000,7.000000000000,3.531901041667,3.841717946401,0.472750343608,0.143489194741
3974457A05BA475D,383,high_noise,kernel,1.000000000000,1.000000000000,12.343750000000,6.429036458333,3.692002732305,0.544384069855,0.143526589237
3974457A05BA475D,383,high_noise,constant,1.000000000000,1.000000000000,12.531250000000,6.526692708333,3.808307791691,0.544384069855,0.000000000000
3974457A05BA475D,383,high_noise,disabled,1.000000000000,1.000000000000,12.875000000000,6.705729166667,3.792385764504,1.000000000000,0.000000000000
3974457A05BA475D,383,high_noise,sign,1.000000000000,1.000000000000,12.343750000000,6.429036458333,3.684833211935,0.537014925373,0.158629895300
3974457A05BA475D,383,high_noise,tanh,1.000000000000,1.000000000000,12.500000000000,6.510416666667,3.789736677509,0.610049979458,0.101981821336
3974457A05BA475D,383,high_noise,random,1.000000000000,1.000000000000,12.562500000000,6.542968750000,3.753448131905,0.536597780928,0.144019941141
3974457A05BA475D,383,weak_signal,kernel,0.781250000000,0.781250000000,2.560000000000,1.041666666667,2.179606343458,0.175291294865,0.033544645531
3974457A05BA475D,383,weak_signal,constant,0.781250000000,0.781250000000,2.600000000000,1.057942708333,2.207975547849,0.175291294865,0.000000000000
3974457A05BA475D,383,weak_signal,disabled,0.687500000000,0.687500000000,3.272727272727,1.171875000000,2.186487241476,1.000000000000,0.000000000000
3974457A05BA475D,383,weak_signal,sign,0.781250000000,0.781250000000,2.560000000000,1.041666666667,2.179606343458,0.149382716049,0.037067520195
3974457A05BA475D,383,weak_signal,tanh,0.781250000000,0.781250000000,2.680000000000,1.090494791667,2.183581839306,0.359430716692,0.028543435172
3974457A05BA475D,383,weak_signal,random,0.781250000000,0.781250000000,2.560000000000,1.041666666667,2.179606343458,0.193677987627,0.045472406768
3974457A05BA475D,383,sparse_network,kernel,1.000000000000,1.000000000000,9.500000000000,3.298611111111,3.924318857512,0.349380360448,0.119367626054
3974457A05BA475D,383,sparse_network,constant,1.000000000000,1.000000000000,9.468750000000,3.287760416667,3.895016826454,0.349380360448,0.000000000000
3974457A05BA475D,383,sparse_network,disabled,1.000000000000,1.000000000000,10.093750000000,3.504774305556,3.793248922428,1.000000000000,0.000000000000
3974457A05BA475D,383,sparse_network,sign,1.000000000000,1.000000000000,9.468750000000,3.287760416667,3.938848693189,0.333165829146,0.132166359435
3974457A05BA475D,383,sparse_network,tanh,1.000000000000,1.000000000000,9.593750000000,3.331163194444,3.905345732029,0.471400061356,0.085540593162
3974457A05BA475D,383,sparse_network,random,1.000000000000,1.000000000000,9.343750000000,3.244357638889,3.904227931720,0.356879426972,0.121702574732
3974457A05BA475D,421,standard,kernel,0.968750000000,0.968750000000,6.774193548387,3.417968750000,3.645897367743,0.295910098296,0.099457322998
3974457A05BA475D,421,standard,constant,1.000000000000,1.000000000000,6.593750000000,3.434244791667,3.694385670138,0.295910098296,0.000000000000
3974457A05BA475D,421,standard,disabled,1.000000000000,1.000000000000,7.312500000000,3.808593750000,3.628139588636,1.000000000000,0.000000000000
3974457A05BA475D,421,standard,sign,0.968750000000,0.968750000000,6.774193548387,3.417968750000,3.645897367743,0.276179775281,0.109904507007
3974457A05BA475D,421,standard,tanh,1.000000000000,1.000000000000,6.687500000000,3.483072916667,3.704899975306,0.428928514261,0.075528999829
3974457A05BA475D,421,standard,random,0.968750000000,0.968750000000,6.838709677419,3.450520833333,3.601808873666,0.337255712008,0.115354366877
3974457A05BA475D,421,high_noise,kernel,0.968750000000,0.968750000000,12.967741935484,6.542968750000,4.041536404797,0.542013253554,0.143689512413
3974457A05BA475D,421,high_noise,constant,0.968750000000,0.968750000000,13.000000000000,6.559244791667,4.043763520215,0.542013253554,0.000000000000
3974457A05BA475D,421,high_noise,disabled,0.968750000000,0.968750000000,13.451612903226,6.787109375000,4.088109754677,1.000000000000,0.000000000000
3974457A05BA475D,421,high_noise,sign,0.968750000000,0.968750000000,12.967741935484,6.542968750000,4.041536404797,0.533975084938,0.158845693603
3974457A05BA475D,421,high_noise,tanh,0.968750000000,0.968750000000,13.032258064516,6.575520833333,4.040101114516,0.600645500096,0.087253257541
3974457A05BA475D,421,high_noise,random,0.968750000000,0.968750000000,13.096774193548,6.608072916667,4.068124881656,0.542875896210,0.143631206436
3974457A05BA475D,421,weak_signal,kernel,0.750000000000,0.750000000000,2.666666666667,1.041666666667,1.899413417489,0.237030810457,0.070918203957
3974457A05BA475D,421,weak_signal,constant,0.750000000000,0.750000000000,2.666666666667,1.041666666667,1.899413417489,0.237030810457,0.000000000000
3974457A05BA475D,421,weak_signal,disabled,0.750000000000,0.750000000000,2.750000000000,1.074218750000,2.100790950639,1.000000000000,0.000000000000
3974457A05BA475D,421,weak_signal,sign,0.750000000000,0.750000000000,2.666666666667,1.041666666667,1.899413417489,0.214285714286,0.078367346939
3974457A05BA475D,421,weak_signal,tanh,0.750000000000,0.750000000000,2.666666666667,1.041666666667,1.899413417489,0.356739547575,0.046191519566
3974457A05BA475D,421,weak_signal,random,0.750000000000,0.750000000000,2.666666666667,1.041666666667,1.899413417489,0.265640796752,0.085651908406
3974457A05BA475D,421,sparse_network,kernel,1.000000000000,1.000000000000,10.593750000000,3.678385416667,3.748840279876,0.319625537936,0.108993724410
3974457A05BA475D,421,sparse_network,constant,1.000000000000,1.000000000000,10.625000000000,3.689236111111,3.725960500578,0.319625537936,0.000000000000
3974457A05BA475D,421,sparse_network,disabled,1.000000000000,1.000000000000,11.281250000000,3.917100694444,3.833948140101,1.000000000000,0.000000000000
3974457A05BA475D,421,sparse_network,sign,1.000000000000,1.000000000000,10.562500000000,3.667534722222,3.725898556768,0.300000000000,0.120000000000
3974457A05BA475D,421,sparse_network,tanh,1.000000000000,1.000000000000,10.656250000000,3.700086805556,3.742359580656,0.444657080988,0.075804897493
3974457A05BA475D,421,sparse_network,random,1.000000000000,1.000000000000,10.750000000000,3.732638888889,3.736231350723,0.320979014710,0.109503897908
3974457A05BA475D,463,standard,kernel,0.968750000000,0.968750000000,6.806451612903,3.434244791667,3.704595081978,0.365727871804,0.124313800622
3974457A05BA475D,463,standard,constant,1.000000000000,1.000000000000,6.750000000000,3.515625000000,3.713223549817,0.365727871804,0.000000000000
3974457A05BA475D,463,standard,disabled,1.000000000000,1.000000000000,7.281250000000,3.792317708333,3.767775837932,1.000000000000,0.000000000000
3974457A05BA475D,463,standard,sign,0.968750000000,0.968750000000,6.806451612903,3.434244791667,3.704595081978,0.349572649573,0.137371612243
3974457A05BA475D,463,standard,tanh,0.968750000000,0.968750000000,6.903225806452,3.483072916667,3.711314144402,0.492021715774,0.086472961990
3974457A05BA475D,463,standard,random,1.000000000000,1.000000000000,6.593750000000,3.434244791667,3.733109387211,0.381988875166,0.128703338930
3974457A05BA475D,463,high_noise,kernel,0.937500000000,0.937500000000,13.166666666667,6.429036458333,3.820672498217,0.614592462849,0.133591228989
3974457A05BA475D,463,high_noise,constant,0.937500000000,0.937500000000,13.166666666667,6.429036458333,3.810720778312,0.614592462849,0.000000000000
3974457A05BA475D,463,high_noise,disabled,0.937500000000,0.937500000000,13.633333333333,6.656901041667,3.795808551182,1.000000000000,0.000000000000
3974457A05BA475D,463,high_noise,sign,0.937500000000,0.937500000000,13.166666666667,6.429036458333,3.820672498217,0.611161731207,0.147643069515
3974457A05BA475D,463,high_noise,tanh,0.937500000000,0.937500000000,13.266666666667,6.477864583333,3.842782346559,0.671585370354,0.082463184462
3974457A05BA475D,463,high_noise,random,0.937500000000,0.937500000000,13.300000000000,6.494140625000,3.733846188713,0.610068918796,0.134520810948
3974457A05BA475D,463,weak_signal,kernel,0.625000000000,0.625000000000,2.550000000000,0.830078125000,1.947021503252,0.198147993534,0.048257876105
3974457A05BA475D,463,weak_signal,constant,0.625000000000,0.625000000000,2.550000000000,0.830078125000,1.947021503252,0.198147993534,0.000000000000
3974457A05BA475D,463,weak_signal,disabled,0.656250000000,0.656250000000,2.476190476190,0.846354166667,1.960058064562,1.000000000000,0.000000000000
3974457A05BA475D,463,weak_signal,sign,0.625000000000,0.625000000000,2.500000000000,0.813802083333,1.904975496738,0.152830188679,0.039473122108
3974457A05BA475D,463,weak_signal,tanh,0.625000000000,0.625000000000,2.550000000000,0.830078125000,1.947021503252,0.357088572467,0.032810065682
3974457A05BA475D,463,weak_signal,random,0.625000000000,0.625000000000,2.550000000000,0.830078125000,1.947021503252,0.219106273910,0.060831673177
3974457A05BA475D,463,sparse_network,kernel,1.000000000000,1.000000000000,10.500000000000,3.645833333333,4.032912350490,0.368486460740,0.125095158907
3974457A05BA475D,463,sparse_network,constant,1.000000000000,1.000000000000,10.406250000000,3.613281250000,4.000202171781,0.368486460740,0.000000000000
3974457A05BA475D,463,sparse_network,disabled,1.000000000000,1.000000000000,11.406250000000,3.960503472222,4.086807895796,1.000000000000,0.000000000000
3974457A05BA475D,463,sparse_network,sign,1.000000000000,1.000000000000,10.500000000000,3.645833333333,4.032912350490,0.352471482890,0.138235336639
3974457A05BA475D,463,sparse_network,tanh,1.000000000000,1.000000000000,10.593750000000,3.678385416667,4.048227813840,0.501072455282,0.090362067115
3974457A05BA475D,463,sparse_network,random,1.000000000000,1.000000000000,10.375000000000,3.602430555556,4.010647848084,0.382627473638,0.128864321308
3974457A05BA475D,509,standard,kernel,1.000000000000,1.000000000000,7.406250000000,3.857421875000,3.740424626799,0.430787518138,0.138701022047
3974457A05BA475D,509,standard,constant,1.000000000000,1.000000000000,7.406250000000,3.857421875000,3.738005108894,0.430787518138,0.000000000000
3974457A05BA475D,509,standard,disabled,0.968750000000,0.968750000000,8.516129032258,4.296875000000,3.761741581582,1.000000000000,0.000000000000
3974457A05BA475D,509,standard,sign,1.000000000000,1.000000000000,7.406250000000,3.857421875000,3.740424626799,0.418413597734,0.153343658965
3974457A05BA475D,509,standard,tanh,1.000000000000,1.000000000000,7.593750000000,3.955078125000,3.755222495948,0.522111636202,0.096030693363
3974457A05BA475D,509,standard,random,1.000000000000,1.000000000000,7.531250000000,3.922526041667,3.691962831790,0.414230518429,0.135842777548
3974457A05BA475D,509,high_noise,kernel,1.000000000000,1.000000000000,12.718750000000,6.624348958333,3.929005250110,0.612098164482,0.134126550028
3974457A05BA475D,509,high_noise,constant,1.000000000000,1.000000000000,12.750000000000,6.640625000000,3.895832817373,0.612098164482,0.000000000000
3974457A05BA475D,509,high_noise,disabled,1.000000000000,1.000000000000,13.500000000000,7.031250000000,3.947344829382,1.000000000000,0.000000000000
3974457A05BA475D,509,high_noise,sign,1.000000000000,1.000000000000,12.687500000000,6.608072916667,3.920313456062,0.603849303849,0.149215322090
3974457A05BA475D,509,high_noise,tanh,1.000000000000,1.000000000000,12.687500000000,6.608072916667,3.895534958609,0.649478111725,0.089599774122
3974457A05BA475D,509,high_noise,random,1.000000000000,1.000000000000,12.812500000000,6.673177083333,3.995980013583,0.588269768744,0.138480273111
3974457A05BA475D,509,weak_signal,kernel,0.656250000000,0.656250000000,3.142857142857,1.074218750000,2.326315373589,0.236479226720,0.070618020994
3974457A05BA475D,509,weak_signal,constant,0.656250000000,0.656250000000,3.142857142857,1.074218750000,2.326315373589,0.236479226720,0.000000000000
3974457A05BA475D,509,weak_signal,disabled,0.656250000000,0.656250000000,3.476190476190,1.188151041667,2.391014781520,1.000000000000,0.000000000000
3974457A05BA475D,509,weak_signal,sign,0.656250000000,0.656250000000,3.142857142857,1.074218750000,2.326315373589,0.213705583756,0.078035507228
3974457A05BA475D,509,weak_signal,tanh,0.687500000000,0.687500000000,3.045454545455,1.090494791667,2.334854209522,0.370942225751,0.053826824136
3974457A05BA475D,509,weak_signal,random,0.625000000000,0.625000000000,3.400000000000,1.106770833333,2.357507242677,0.231567730054,0.067918887417
3974457A05BA475D,509,sparse_network,kernel,1.000000000000,1.000000000000,9.968750000000,3.461371527778,3.916676608851,0.320851622557,0.109458204351
3974457A05BA475D,509,sparse_network,constant,1.000000000000,1.000000000000,10.187500000000,3.537326388889,3.920716434011,0.320851622557,0.000000000000
3974457A05BA475D,509,sparse_network,disabled,1.000000000000,1.000000000000,10.500000000000,3.645833333333,3.986730557993,1.000000000000,0.000000000000
3974457A05BA475D,509,sparse_network,sign,1.000000000000,1.000000000000,9.968750000000,3.461371527778,3.916676608851,0.302395209581,0.120952346803
3974457A05BA475D,509,sparse_network,tanh,1.000000000000,1.000000000000,10.218750000000,3.548177083333,3.910337761938,0.449875259234,0.076495786905
3974457A05BA475D,509,sparse_network,random,1.000000000000,1.000000000000,9.937500000000,3.450520833333,3.930026986820,0.327442375698,0.111892434746
3974457A05BA475D,557,standard,kernel,0.968750000000,0.968750000000,7.516129032258,3.792317708333,3.682887339548,0.418050541903,0.136550644645
3974457A05BA475D,557,standard,constant,0.968750000000,0.968750000000,7.580645161290,3.824869791667,3.658216811728,0.418050541903,0.000000000000
3974457A05BA475D,557,standard,disabled,0.968750000000,0.968750000000,7.838709677419,3.955078125000,3.704229157246,1.000000000000,0.000000000000
3974457A05BA475D,557,standard,sign,0.968750000000,0.968750000000,7.516129032258,3.792317708333,3.682887339548,0.402950819672,0.150581456598
3974457A05BA475D,557,standard,tanh,0.968750000000,0.968750000000,7.677419354839,3.873697916667,3.663441773013,0.520646549317,0.108070045053
3974457A05BA475D,557,standard,random,0.968750000000,0.968750000000,7.548387096774,3.808593750000,3.689097520930,0.400733402330,0.133106704513
3974457A05BA475D,557,high_noise,kernel,1.000000000000,1.000000000000,12.843750000000,6.689453125000,4.000699861670,0.545683649063,0.143398288199
3974457A05BA475D,557,high_noise,constant,1.000000000000,1.000000000000,12.937500000000,6.738281250000,4.007469904348,0.545683649063,0.000000000000
3974457A05BA475D,557,high_noise,disabled,1.000000000000,1.000000000000,13.500000000000,7.031250000000,3.988365033239,1.000000000000,0.000000000000
3974457A05BA475D,557,high_noise,sign,1.000000000000,1.000000000000,12.812500000000,6.673177083333,4.004213311072,0.543065693431,0.158145346049
3974457A05BA475D,557,high_noise,tanh,1.000000000000,1.000000000000,13.000000000000,6.770833333333,3.932993440742,0.604494628494,0.104098189082
3974457A05BA475D,557,high_noise,random,0.968750000000,0.968750000000,13.322580645161,6.722005208333,3.966761135618,0.524595990731,0.144517258435
3974457A05BA475D,557,weak_signal,kernel,0.687500000000,0.687500000000,2.500000000000,0.895182291667,2.472211111195,0.228726463632,0.066334624720
3974457A05BA475D,557,weak_signal,constant,0.687500000000,0.687500000000,2.500000000000,0.895182291667,2.457155451987,0.228726463632,0.000000000000
3974457A05BA475D,557,weak_signal,disabled,0.687500000000,0.687500000000,2.727272727273,0.976562500000,2.340262113440,1.000000000000,0.000000000000
3974457A05BA475D,557,weak_signal,sign,0.687500000000,0.687500000000,2.500000000000,0.895182291667,2.472211111195,0.205555555556,0.073302469136
3974457A05BA475D,557,weak_signal,tanh,0.687500000000,0.687500000000,2.590909090909,0.927734375000,2.448796412715,0.414968167687,0.046755064535
3974457A05BA475D,557,weak_signal,random,0.687500000000,0.687500000000,2.590909090909,0.927734375000,2.464526249337,0.230464359010,0.067305241124
3974457A05BA475D,557,sparse_network,kernel,1.000000000000,1.000000000000,11.062500000000,3.841145833333,4.295015750249,0.397753115387,0.132454160433
3974457A05BA475D,557,sparse_network,constant,1.000000000000,1.000000000000,11.281250000000,3.917100694444,4.297789526157,0.397753115387,0.000000000000
3974457A05BA475D,557,sparse_network,disabled,1.000000000000,1.000000000000,11.593750000000,4.025607638889,4.332729793454,1.000000000000,0.000000000000
3974457A05BA475D,557,sparse_network,sign,1.000000000000,1.000000000000,11.093750000000,3.851996527778,4.289150270844,0.383982683983,0.146539982384
3974457A05BA475D,557,sparse_network,tanh,1.000000000000,1.000000000000,11.218750000000,3.895399305556,4.306404647918,0.515721187020,0.093527992992
3974457A05BA475D,557,sparse_network,random,1.000000000000,1.000000000000,11.187500000000,3.884548611111,4.299977169640,0.400267039940,0.133006645044
3974457A05BA475D,607,standard,kernel,1.000000000000,1.000000000000,6.562500000000,3.417968750000,3.756195313382,0.372388205886,0.126175859034
3974457A05BA475D,607,standard,constant,1.000000000000,1.000000000000,6.656250000000,3.466796875000,3.742355869054,0.372388205886,0.000000000000
3974457A05BA475D,607,standard,disabled,1.000000000000,1.000000000000,7.218750000000,3.759765625000,3.714155793617,1.000000000000,0.000000000000
3974457A05BA475D,607,standard,sign,1.000000000000,1.000000000000,6.531250000000,3.401692708333,3.759028381542,0.354400000000,0.138800640000
3974457A05BA475D,607,standard,tanh,1.000000000000,1.000000000000,6.781250000000,3.531901041667,3.729391066575,0.493483039070,0.087284741754
3974457A05BA475D,607,standard,random,1.000000000000,1.000000000000,6.718750000000,3.499348958333,3.760869776338,0.366978678240,0.124670196549
3974457A05BA475D,607,high_noise,kernel,0.906250000000,0.906250000000,13.758620689655,6.494140625000,3.742978167119,0.519454099753,0.144678125270
3974457A05BA475D,607,high_noise,constant,0.906250000000,0.906250000000,13.862068965517,6.542968750000,3.816245668962,0.519454099753,0.000000000000
3974457A05BA475D,607,high_noise,disabled,0.906250000000,0.906250000000,14.517241379310,6.852213541667,3.718855101045,1.000000000000,0.000000000000
3974457A05BA475D,607,high_noise,sign,0.906250000000,0.906250000000,13.724137931034,6.477864583333,3.740566101507,0.510362694301,0.159892614567
3974457A05BA475D,607,high_noise,tanh,0.906250000000,0.906250000000,13.793103448276,6.510416666667,3.808003443615,0.588016809890,0.093808194076
3974457A05BA475D,607,high_noise,random,0.906250000000,0.906250000000,13.931034482759,6.575520833333,3.777610663622,0.518606937371,0.144695087006
3974457A05BA475D,607,weak_signal,kernel,0.656250000000,0.656250000000,2.476190476190,0.846354166667,2.891408749075,0.288194642322,0.096113842678
3974457A05BA475D,607,weak_signal,constant,0.625000000000,0.625000000000,2.550000000000,0.830078125000,2.895236156110,0.288194642322,0.000000000000
3974457A05BA475D,607,weak_signal,disabled,0.656250000000,0.656250000000,2.523809523810,0.862630208333,2.920157125862,1.000000000000,0.000000000000
3974457A05BA475D,607,weak_signal,sign,0.656250000000,0.656250000000,2.476190476190,0.846354166667,2.891408749075,0.268067226891,0.106207188758
3974457A05BA475D,607,weak_signal,tanh,0.656250000000,0.656250000000,2.476190476190,0.846354166667,2.891408749075,0.416423965708,0.059985873731
3974457A05BA475D,607,weak_signal,random,0.593750000000,0.593750000000,2.736842105263,0.846354166667,2.921286136050,0.250852502345,0.078240782634
3974457A05BA475D,607,sparse_network,kernel,1.000000000000,1.000000000000,10.031250000000,3.483072916667,4.093050179567,0.359007868753,0.122345331672
3974457A05BA475D,607,sparse_network,constant,1.000000000000,1.000000000000,10.093750000000,3.504774305556,4.092068977917,0.359007868753,0.000000000000
3974457A05BA475D,607,sparse_network,disabled,1.000000000000,1.000000000000,10.750000000000,3.732638888889,4.072397089628,1.000000000000,0.000000000000
3974457A05BA475D,607,sparse_network,sign,1.000000000000,1.000000000000,10.000000000000,3.472222222222,4.079798522756,0.341535776614,0.134889089907
3974457A05BA475D,607,sparse_network,tanh,1.000000000000,1.000000000000,10.156250000000,3.526475694444,4.092682956063,0.483380856210,0.086104932153
3974457A05BA475D,607,sparse_network,random,1.000000000000,1.000000000000,10.062500000000,3.493923611111,4.071889746252,0.398871019369,0.132700609741
3974457A05BA475D,659,standard,kernel,0.968750000000,0.968750000000,8.258064516129,4.166666666667,4.208413120844,0.481710759902,0.144056570385
3974457A05BA475D,659,standard,constant,0.968750000000,0.968750000000,8.387096774194,4.231770833333,4.142130286803,0.481710759902,0.000000000000
3974457A05BA475D,659,standard,disabled,0.968750000000,0.968750000000,9.000000000000,4.541015625000,4.149628334079,1.000000000000,0.000000000000
3974457A05BA475D,659,standard,sign,0.968750000000,0.968750000000,8.258064516129,4.166666666667,4.208413120844,0.471494252874,0.159187422381
3974457A05BA475D,659,standard,tanh,0.968750000000,0.968750000000,8.354838709677,4.215494791667,4.172944017385,0.552875494515,0.109592583830
3974457A05BA475D,659,standard,random,0.968750000000,0.968750000000,8.290322580645,4.182942708333,4.227868413406,0.500603924078,0.144725006453
3974457A05BA475D,659,high_noise,kernel,0.906250000000,0.906250000000,14.758620689655,6.966145833333,3.593270443471,0.634469286646,0.128999911287
3974457A05BA475D,659,high_noise,constant,0.906250000000,0.906250000000,14.965517241379,7.063802083333,3.687215456982,0.634469286646,0.000000000000
3974457A05BA475D,659,high_noise,disabled,0.906250000000,0.906250000000,15.827586206897,7.470703125000,3.585454948046,1.000000000000,0.000000000000
3974457A05BA475D,659,high_noise,sign,0.906250000000,0.906250000000,14.724137931034,6.949869791667,3.591415932793,0.631883072740,0.142606855125
3974457A05BA475D,659,high_noise,tanh,0.906250000000,0.906250000000,14.758620689655,6.966145833333,3.569985042939,0.676428361228,0.104726347572
3974457A05BA475D,659,high_noise,random,0.875000000000,0.875000000000,15.285714285714,6.966145833333,3.540755352753,0.638422994084,0.127993719316
3974457A05BA475D,659,weak_signal,kernel,0.812500000000,0.812500000000,2.615384615385,1.106770833333,2.904046603402,0.256797902717,0.081272459662
3974457A05BA475D,659,weak_signal,constant,0.843750000000,0.843750000000,2.555555555556,1.123046875000,2.913580346890,0.256797902717,0.000000000000
3974457A05BA475D,659,weak_signal,disabled,0.843750000000,0.843750000000,2.851851851852,1.253255208333,2.947309693074,1.000000000000,0.000000000000
3974457A05BA475D,659,weak_signal,sign,0.812500000000,0.812500000000,2.615384615385,1.106770833333,2.904046603402,0.235064935065,0.089809411368
3974457A05BA475D,659,weak_signal,tanh,0.843750000000,0.843750000000,2.555555555556,1.123046875000,2.913580346890,0.388041635310,0.072807915813
3974457A05BA475D,659,weak_signal,random,0.812500000000,0.812500000000,2.653846153846,1.123046875000,2.897518035457,0.227147616327,0.065447739299
3974457A05BA475D,659,sparse_network,kernel,1.000000000000,1.000000000000,10.968750000000,3.808593750000,3.852834436883,0.430284950429,0.138621522219
3974457A05BA475D,659,sparse_network,constant,1.000000000000,1.000000000000,11.031250000000,3.830295138889,3.871090132135,0.430284950429,0.000000000000
3974457A05BA475D,659,sparse_network,disabled,1.000000000000,1.000000000000,11.812500000000,4.101562500000,3.886198310582,1.000000000000,0.000000000000
3974457A05BA475D,659,sparse_network,sign,1.000000000000,1.000000000000,10.968750000000,3.808593750000,3.852834436883,0.418400000000,0.153341440000
3974457A05BA475D,659,sparse_network,tanh,1.000000000000,1.000000000000,11.125000000000,3.862847222222,3.874298251653,0.528487318159,0.099217776082
3974457A05BA475D,659,sparse_network,random,1.000000000000,1.000000000000,11.062500000000,3.841145833333,3.835310609199,0.447553642177,0.141035041290
3974457A05BA475D,719,standard,kernel,0.937500000000,0.937500000000,7.366666666667,3.597005208333,3.796193542304,0.358983418535,0.122340828753
3974457A05BA475D,719,standard,constant,0.937500000000,0.937500000000,7.433333333333,3.629557291667,3.798891219492,0.358983418535,0.000000000000
3974457A05BA475D,719,standard,disabled,0.937500000000,0.937500000000,7.933333333333,3.873697916667,3.769547918679,1.000000000000,0.000000000000
3974457A05BA475D,719,standard,sign,0.937500000000,0.937500000000,7.366666666667,3.597005208333,3.796193542304,0.342474226804,0.135185630779
3974457A05BA475D,719,standard,tanh,0.937500000000,0.937500000000,7.500000000000,3.662109375000,3.797753088411,0.484557621224,0.082404556389
3974457A05BA475D,719,standard,random,0.937500000000,0.937500000000,7.400000000000,3.613281250000,3.807330098538,0.375694687514,0.127068579096
3974457A05BA475D,719,high_noise,kernel,1.000000000000,1.000000000000,12.937500000000,6.738281250000,3.545646257633,0.606135025940,0.135321890749
3974457A05BA475D,719,high_noise,constant,1.000000000000,1.000000000000,13.093750000000,6.819661458333,3.616853814638,0.606135025940,0.000000000000
3974457A05BA475D,719,high_noise,disabled,1.000000000000,1.000000000000,13.437500000000,6.998697916667,3.604370207001,1.000000000000,0.000000000000
3974457A05BA475D,719,high_noise,sign,1.000000000000,1.000000000000,12.937500000000,6.738281250000,3.545646257633,0.601992031873,0.149597625435
3974457A05BA475D,719,high_noise,tanh,1.000000000000,1.000000000000,13.062500000000,6.803385416667,3.618022231691,0.662857161154,0.087752812397
3974457A05BA475D,719,high_noise,random,1.000000000000,1.000000000000,13.000000000000,6.770833333333,3.567527038508,0.590502577708,0.138119827965
3974457A05BA475D,719,weak_signal,kernel,0.625000000000,0.625000000000,3.200000000000,1.041666666667,2.334369015194,0.209490382467,0.055187663425
3974457A05BA475D,719,weak_signal,constant,0.625000000000,0.625000000000,3.300000000000,1.074218750000,2.365748258704,0.209490382467,0.000000000000
3974457A05BA475D,719,weak_signal,disabled,0.593750000000,0.593750000000,3.631578947368,1.123046875000,2.357319314358,1.000000000000,0.000000000000
3974457A05BA475D,719,weak_signal,sign,0.625000000000,0.625000000000,3.200000000000,1.041666666667,2.334369015194,0.185333333333,0.060984888889
3974457A05BA475D,719,weak_signal,tanh,0.625000000000,0.625000000000,3.300000000000,1.074218750000,2.365748258704,0.377079950958,0.040115304656
3974457A05BA475D,719,weak_signal,random,0.625000000000,0.625000000000,3.200000000000,1.041666666667,2.334369015194,0.219638759946,0.061159214845
3974457A05BA475D,719,sparse_network,kernel,0.968750000000,0.968750000000,11.419354838710,3.841145833333,3.993444258991,0.286087188539,0.095177820493
3974457A05BA475D,719,sparse_network,constant,0.968750000000,0.968750000000,11.451612903226,3.851996527778,4.027273076092,0.286087188539,0.000000000000
3974457A05BA475D,719,sparse_network,disabled,1.000000000000,1.000000000000,11.875000000000,4.123263888889,4.065815802188,1.000000000000,0.000000000000
3974457A05BA475D,719,sparse_network,sign,0.968750000000,0.968750000000,11.419354838710,3.841145833333,3.993444258991,0.265853658537,0.105175490779
3974457A05BA475D,719,sparse_network,tanh,0.968750000000,0.968750000000,11.516129032258,3.873697916667,3.996543502158,0.417912891787,0.073387272445
3974457A05BA475D,719,sparse_network,random,0.968750000000,0.968750000000,11.387096774194,3.830295138889,4.013764243583,0.274531451105,0.089896692727
3974457A05BA475D,773,standard,kernel,1.000000000000,1.000000000000,6.687500000000,3.483072916667,3.584509473535,0.357223898625,0.121809995749
3974457A05BA475D,773,standard,constant,1.000000000000,1.000000000000,6.781250000000,3.531901041667,3.593199180550,0.357223898625,0.000000000000
3974457A05BA475D,773,standard,disabled,1.000000000000,1.000000000000,7.468750000000,3.889973958333,3.616342949686,1.000000000000,0.000000000000
3974457A05BA475D,773,standard,sign,1.000000000000,1.000000000000,6.687500000000,3.483072916667,3.584509473535,0.340629921260,0.134601178002
3974457A05BA475D,773,standard,tanh,1.000000000000,1.000000000000,6.843750000000,3.564453125000,3.581758784756,0.473597930270,0.091458724856
3974457A05BA475D,773,standard,random,1.000000000000,1.000000000000,6.750000000000,3.515625000000,3.603774189105,0.350331085840,0.119671820052
3974457A05BA475D,773,high_noise,kernel,0.875000000000,0.875000000000,14.142857142857,6.445312500000,3.457662732545,0.536731783772,0.144013642005
3974457A05BA475D,773,high_noise,constant,0.875000000000,0.875000000000,14.321428571429,6.526692708333,3.487594196322,0.536731783772,0.000000000000
3974457A05BA475D,773,high_noise,disabled,0.875000000000,0.875000000000,14.642857142857,6.673177083333,3.446739102181,1.000000000000,0.000000000000
3974457A05BA475D,773,high_noise,sign,0.875000000000,0.875000000000,14.142857142857,6.445312500000,3.457662732545,0.526752618856,0.159284297384
3974457A05BA475D,773,high_noise,tanh,0.875000000000,0.875000000000,14.214285714286,6.477864583333,3.482823548835,0.559241222964,0.114943560537
3974457A05BA475D,773,high_noise,random,0.968750000000,0.968750000000,12.838709677419,6.477864583333,3.575299133635,0.540845957625,0.143766704696
3974457A05BA475D,773,weak_signal,kernel,0.593750000000,0.593750000000,2.684210526316,0.830078125000,2.020814923925,0.185967410781,0.040552689814
3974457A05BA475D,773,weak_signal,constant,0.593750000000,0.593750000000,2.736842105263,0.846354166667,1.982327392954,0.185967410781,0.000000000000
3974457A05BA475D,773,weak_signal,disabled,0.593750000000,0.593750000000,2.736842105263,0.846354166667,1.982327392954,1.000000000000,0.000000000000
3974457A05BA475D,773,weak_signal,sign,0.593750000000,0.593750000000,2.684210526316,0.830078125000,2.020814923925,0.160606060606,0.044811753903
3974457A05BA475D,773,weak_signal,tanh,0.593750000000,0.593750000000,2.736842105263,0.846354166667,1.982327392954,0.338965752825,0.023434092761
3974457A05BA475D,773,weak_signal,random,0.593750000000,0.593750000000,2.684210526316,0.830078125000,2.020814923925,0.151374412950,0.017018978567
3974457A05BA475D,773,sparse_network,kernel,1.000000000000,1.000000000000,10.781250000000,3.743489583333,3.896351532386,0.402183738755,0.133418285310
3974457A05BA475D,773,sparse_network,constant,1.000000000000,1.000000000000,10.937500000000,3.797743055556,3.948190288663,0.402183738755,0.000000000000
3974457A05BA475D,773,sparse_network,disabled,1.000000000000,1.000000000000,11.781250000000,4.090711805556,3.952627903762,1.000000000000,0.000000000000
3974457A05BA475D,773,sparse_network,sign,1.000000000000,1.000000000000,10.750000000000,3.732638888889,3.900282510480,0.383588621444,0.146448390943
3974457A05BA475D,773,sparse_network,tanh,1.000000000000,1.000000000000,11.093750000000,3.851996527778,3.985618427985,0.537696105623,0.095263555209
3974457A05BA475D,773,sparse_network,random,1.000000000000,1.000000000000,11.000000000000,3.819444444444,3.860551409019,0.387335403535,0.130030833715
3974457A05BA475D,829,standard,kernel,1.000000000000,1.000000000000,7.125000000000,3.710937500000,3.716184433447,0.416147629494,0.136201180219
3974457A05BA475D,829,standard,constant,1.000000000000,1.000000000000,7.281250000000,3.792317708333,3.798158733020,0.416147629494,0.000000000000
3974457A05BA475D,829,standard,disabled,1.000000000000,1.000000000000,7.687500000000,4.003906250000,3.803181840587,1.000000000000,0.000000000000
3974457A05BA475D,829,standard,sign,1.000000000000,1.000000000000,7.125000000000,3.710937500000,3.716184433447,0.401587301587,0.150314940791
3974457A05BA475D,829,standard,tanh,1.000000000000,1.000000000000,7.250000000000,3.776041666667,3.771763486253,0.549529150926,0.090395412771
3974457A05BA475D,829,standard,random,1.000000000000,1.000000000000,7.125000000000,3.710937500000,3.762699559266,0.417802076736,0.136505328588
3974457A05BA475D,829,high_noise,kernel,0.906250000000,0.906250000000,13.793103448276,6.510416666667,4.002023002533,0.616887203574,0.133114261303
3974457A05BA475D,829,high_noise,constant,0.937500000000,0.937500000000,13.433333333333,6.559244791667,4.026908531435,0.616887203574,0.000000000000
3974457A05BA475D,829,high_noise,disabled,0.937500000000,0.937500000000,13.933333333333,6.803385416667,4.102934398568,1.000000000000,0.000000000000
3974457A05BA475D,829,high_noise,sign,0.906250000000,0.906250000000,13.793103448276,6.510416666667,4.002023002533,0.613591160221,0.147097048320
3974457A05BA475D,829,high_noise,tanh,0.906250000000,0.906250000000,13.965517241379,6.591796875000,4.009695810670,0.659412870829,0.082295320633
3974457A05BA475D,829,high_noise,random,0.937500000000,0.937500000000,13.500000000000,6.591796875000,4.075431185657,0.598240522289,0.136796771671
3974457A05BA475D,829,weak_signal,kernel,0.656250000000,0.656250000000,3.095238095238,1.057942708333,1.994594846060,0.311196411263,0.105733245792
3974457A05BA475D,829,weak_signal,constant,0.656250000000,0.656250000000,3.095238095238,1.057942708333,1.994594846060,0.311196411263,0.000000000000
3974457A05BA475D,829,weak_signal,disabled,0.750000000000,0.750000000000,2.916666666667,1.139322916667,1.885432380935,1.000000000000,0.000000000000
3974457A05BA475D,829,weak_signal,sign,0.656250000000,0.656250000000,3.095238095238,1.057942708333,1.994594846060,0.292248062016,0.116839132264
3974457A05BA475D,829,weak_signal,tanh,0.656250000000,0.656250000000,3.095238095238,1.057942708333,1.994594846060,0.451649450104,0.060471421490
3974457A05BA475D,829,weak_signal,random,0.625000000000,0.625000000000,3.200000000000,1.041666666667,2.017870460390,0.324707703143,0.110891192520
3974457A05BA475D,829,sparse_network,kernel,1.000000000000,1.000000000000,9.093750000000,3.157552083333,3.898759200292,0.352603202157,0.120385008205
3974457A05BA475D,829,sparse_network,constant,1.000000000000,1.000000000000,9.250000000000,3.211805555556,3.876935266741,0.352603202157,0.000000000000
3974457A05BA475D,829,sparse_network,disabled,1.000000000000,1.000000000000,9.781250000000,3.396267361111,3.990379263429,1.000000000000,0.000000000000
3974457A05BA475D,829,sparse_network,sign,1.000000000000,1.000000000000,9.062500000000,3.146701388889,3.903705028343,0.335775127768,0.133030191340
3974457A05BA475D,829,sparse_network,tanh,1.000000000000,1.000000000000,9.406250000000,3.266059027778,3.898509223096,0.491119427523,0.084021651952
3974457A05BA475D,829,sparse_network,random,1.000000000000,1.000000000000,9.156250000000,3.179253472222,3.895337720322,0.344472247945,0.117778129660
3974457A05BA475D,887,standard,kernel,1.000000000000,1.000000000000,6.718750000000,3.499348958333,3.621842180150,0.313428206134,0.106610336101
3974457A05BA475D,887,standard,constant,1.000000000000,1.000000000000,6.687500000000,3.483072916667,3.643677179862,0.313428206134,0.000000000000
3974457A05BA475D,887,standard,disabled,1.000000000000,1.000000000000,7.281250000000,3.792317708333,3.628480586770,1.000000000000,0.000000000000
3974457A05BA475D,887,standard,sign,1.000000000000,1.000000000000,6.687500000000,3.483072916667,3.630629704302,0.291304347826,0.116446124764
3974457A05BA475D,887,standard,tanh,1.000000000000,1.000000000000,6.812500000000,3.548177083333,3.626223545556,0.451620639828,0.069268546086
3974457A05BA475D,887,standard,random,1.000000000000,1.000000000000,6.718750000000,3.499348958333,3.597599681721,0.320594016116,0.109359458418
3974457A05BA475D,887,high_noise,kernel,1.000000000000,1.000000000000,12.406250000000,6.461588541667,3.688727631156,0.510590006929,0.144787139435
3974457A05BA475D,887,high_noise,constant,0.968750000000,0.968750000000,12.645161290323,6.380208333333,3.618428417937,0.510590006929,0.000000000000
3974457A05BA475D,887,high_noise,disabled,1.000000000000,1.000000000000,12.625000000000,6.575520833333,3.683337133366,1.000000000000,0.000000000000
3974457A05BA475D,887,high_noise,sign,1.000000000000,1.000000000000,12.406250000000,6.461588541667,3.688727631156,0.501848998459,0.159996581205
3974457A05BA475D,887,high_noise,tanh,1.000000000000,1.000000000000,12.375000000000,6.445312500000,3.686694471098,0.589804468569,0.085074058295
3974457A05BA475D,887,high_noise,random,0.968750000000,0.968750000000,12.548387096774,6.331380208333,3.639896074029,0.510023116253,0.144788606679
3974457A05BA475D,887,weak_signal,kernel,0.687500000000,0.687500000000,2.409090909091,0.862630208333,2.197187861184,0.170204155695,0.030125865755
3974457A05BA475D,887,weak_signal,constant,0.687500000000,0.687500000000,2.409090909091,0.862630208333,2.197187861184,0.170204155695,0.000000000000
3974457A05BA475D,887,weak_signal,disabled,0.625000000000,0.625000000000,2.950000000000,0.960286458333,2.256224957765,1.000000000000,0.000000000000
3974457A05BA475D,887,weak_signal,sign,0.687500000000,0.687500000000,2.409090909091,0.862630208333,2.197187861184,0.144036697248,0.033290127094
3974457A05BA475D,887,weak_signal,tanh,0.687500000000,0.687500000000,2.409090909091,0.862630208333,2.197187861184,0.337056553633,0.017372573284
3974457A05BA475D,887,weak_signal,random,0.625000000000,0.625000000000,2.750000000000,0.895182291667,2.209989742337,0.169449363193,0.029614195393
3974457A05BA475D,887,sparse_network,kernel,1.000000000000,1.000000000000,10.187500000000,3.537326388889,4.241723674122,0.302395285442,0.102176808411
3974457A05BA475D,887,sparse_network,constant,1.000000000000,1.000000000000,10.156250000000,3.526475694444,4.273258042808,0.302395285442,0.000000000000
3974457A05BA475D,887,sparse_network,disabled,1.000000000000,1.000000000000,10.718750000000,3.721788194444,4.262010806731,1.000000000000,0.000000000000
3974457A05BA475D,887,sparse_network,sign,1.000000000000,1.000000000000,10.156250000000,3.526475694444,4.248715397834,0.280487804878,0.111814396193
3974457A05BA475D,887,sparse_network,tanh,1.000000000000,1.000000000000,10.343750000000,3.591579861111,4.246072637445,0.437217136635,0.064802939750
3974457A05BA475D,887,sparse_network,random,1.000000000000,1.000000000000,10.187500000000,3.537326388889,4.247005595132,0.288940946886,0.096440488134
3974457A05BA475D,947,standard,kernel,1.000000000000,1.000000000000,7.406250000000,3.857421875000,3.803028235065,0.425816295720,0.137900722197
3974457A05BA475D,947,standard,constant,1.000000000000,1.000000000000,7.343750000000,3.824869791667,3.829319176791,0.425816295720,0.000000000000
3974457A05BA475D,947,standard,disabled,1.000000000000,1.000000000000,8.062500000000,4.199218750000,3.817416846705,1.000000000000,0.000000000000
3974457A05BA475D,947,standard,sign,1.000000000000,1.000000000000,7.375000000000,3.841145833333,3.801890841410,0.410588235294,0.152005536332
3974457A05BA475D,947,standard,tanh,1.000000000000,1.000000000000,7.375000000000,3.841145833333,3.827767753497,0.519700472383,0.098325725435
3974457A05BA475D,947,standard,random,1.000000000000,1.000000000000,7.500000000000,3.906250000000,3.827689793258,0.431637245165,0.138833055410
3974457A05BA475D,947,high_noise,kernel,1.000000000000,1.000000000000,13.250000000000,6.901041666667,3.418140195894,0.558206576473,0.142347004478
3974457A05BA475D,947,high_noise,constant,1.000000000000,1.000000000000,13.187500000000,6.868489583333,3.509618507420,0.558206576473,0.000000000000
3974457A05BA475D,947,high_noise,disabled,1.000000000000,1.000000000000,14.031250000000,7.307942708333,3.666353576765,1.000000000000,0.000000000000
3974457A05BA475D,947,high_noise,sign,1.000000000000,1.000000000000,13.250000000000,6.901041666667,3.418140195894,0.552531645570,0.157240426214
3974457A05BA475D,947,high_noise,tanh,1.000000000000,1.000000000000,13.406250000000,6.982421875000,3.519133485736,0.615064715350,0.104228844249
3974457A05BA475D,947,high_noise,random,0.968750000000,0.968750000000,13.645161290323,6.884765625000,3.555433985679,0.563449363444,0.141803237330
3974457A05BA475D,947,weak_signal,kernel,0.875000000000,0.875000000000,2.464285714286,1.123046875000,2.647892532027,0.298692227037,0.100634830394
3974457A05BA475D,947,weak_signal,constant,0.843750000000,0.843750000000,2.555555555556,1.123046875000,2.630410115106,0.298692227037,0.000000000000
3974457A05BA475D,947,weak_signal,disabled,0.875000000000,0.875000000000,2.642857142857,1.204427083333,2.658330963105,1.000000000000,0.000000000000
3974457A05BA475D,947,weak_signal,sign,0.875000000000,0.875000000000,2.464285714286,1.123046875000,2.647892532027,0.279104477612,0.111205168189
3974457A05BA475D,947,weak_signal,tanh,0.875000000000,0.875000000000,2.464285714286,1.123046875000,2.647892532027,0.410776225109,0.062665825760
3974457A05BA475D,947,weak_signal,random,0.875000000000,0.875000000000,2.535714285714,1.155598958333,2.609573919653,0.258881400738,0.082318680861
3974457A05BA475D,947,sparse_network,kernel,0.968750000000,0.968750000000,10.806451612903,3.634982638889,3.797201808320,0.370715070617,0.125716662509
3974457A05BA475D,947,sparse_network,constant,0.968750000000,0.968750000000,10.838709677419,3.645833333333,3.846430647419,0.370715070617,0.000000000000
3974457A05BA475D,947,sparse_network,disabled,1.000000000000,1.000000000000,11.562500000000,4.014756944444,3.962528112303,1.000000000000,0.000000000000
3974457A05BA475D,947,sparse_network,sign,0.968750000000,0.968750000000,10.774193548387,3.624131944444,3.792260687002,0.354005934718,0.138685732902
3974457A05BA475D,947,sparse_network,tanh,0.968750000000,0.968750000000,11.032258064516,3.710937500000,3.820550590135,0.500853051440,0.085470104828
3974457A05BA475D,947,sparse_network,random,0.968750000000,0.968750000000,10.935483870968,3.678385416667,3.877447704131,0.390470250303,0.130783442590
3974457A05BA475D,1013,standard,kernel,1.000000000000,1.000000000000,7.343750000000,3.824869791667,3.735364112040,0.394816604968,0.131792658760
3974457A05BA475D,1013,standard,constant,1.000000000000,1.000000000000,7.343750000000,3.824869791667,3.729464705496,0.394816604968,0.000000000000
3974457A05BA475D,1013,standard,disabled,1.000000000000,1.000000000000,7.812500000000,4.069010416667,3.754044104053,1.000000000000,0.000000000000
3974457A05BA475D,1013,standard,sign,1.000000000000,1.000000000000,7.312500000000,3.808593750000,3.729232131867,0.380149812734,0.145635932612
3974457A05BA475D,1013,standard,tanh,1.000000000000,1.000000000000,7.437500000000,3.873697916667,3.732230300191,0.494098210116,0.098608595940
3974457A05BA475D,1013,standard,random,1.000000000000,1.000000000000,7.343750000000,3.824869791667,3.765389754674,0.416539496768,0.136273941179
3974457A05BA475D,1013,high_noise,kernel,1.000000000000,1.000000000000,12.718750000000,6.624348958333,3.641361354531,0.537666289393,0.143955475820
3974457A05BA475D,1013,high_noise,constant,1.000000000000,1.000000000000,12.625000000000,6.575520833333,3.564233966403,0.537666289393,0.000000000000
3974457A05BA475D,1013,high_noise,disabled,1.000000000000,1.000000000000,13.125000000000,6.835937500000,3.713251294379,1.000000000000,0.000000000000
3974457A05BA475D,1013,high_noise,sign,1.000000000000,1.000000000000,12.718750000000,6.624348958333,3.640719937607,0.531163287086,0.159028849538
3974457A05BA475D,1013,high_noise,tanh,1.000000000000,1.000000000000,12.656250000000,6.591796875000,3.584711915598,0.592781474096,0.098894036159
3974457A05BA475D,1013,high_noise,random,1.000000000000,1.000000000000,12.593750000000,6.559244791667,3.507100648975,0.557851292148,0.142383933362
3974457A05BA475D,1013,weak_signal,kernel,0.812500000000,0.812500000000,2.384615384615,1.009114583333,1.705670188392,0.221504962052,0.062234059586
3974457A05BA475D,1013,weak_signal,constant,0.812500000000,0.812500000000,2.384615384615,1.009114583333,1.705670188392,0.221504962052,0.000000000000
3974457A05BA475D,1013,weak_signal,disabled,0.812500000000,0.812500000000,2.538461538462,1.074218750000,1.785678924060,1.000000000000,0.000000000000
3974457A05BA475D,1013,weak_signal,sign,0.812500000000,0.812500000000,2.384615384615,1.009114583333,1.705670188392,0.197959183673,0.068771345273
3974457A05BA475D,1013,weak_signal,tanh,0.812500000000,0.812500000000,2.384615384615,1.009114583333,1.705670188392,0.362770335068,0.028387504918
3974457A05BA475D,1013,weak_signal,random,0.812500000000,0.812500000000,2.384615384615,1.009114583333,1.705670188392,0.211154101921,0.056176333921
3974457A05BA475D,1013,sparse_network,kernel,0.968750000000,0.968750000000,10.935483870968,3.678385416667,3.767610523165,0.367493828278,0.124815840867
3974457A05BA475D,1013,sparse_network,constant,0.968750000000,0.968750000000,11.000000000000,3.700086805556,3.762776189644,0.367493828278,0.000000000000
3974457A05BA475D,1013,sparse_network,disabled,0.968750000000,0.968750000000,11.774193548387,3.960503472222,3.733553393260,1.000000000000,0.000000000000
3974457A05BA475D,1013,sparse_network,sign,0.968750000000,0.968750000000,10.838709677419,3.645833333333,3.785153823869,0.342090784044,0.135064679516
3974457A05BA475D,1013,sparse_network,tanh,0.968750000000,0.968750000000,11.064516129032,3.721788194444,3.772764739615,0.480059268875,0.089227706980
3974457A05BA475D,1013,sparse_network,random,0.968750000000,0.968750000000,11.129032258065,3.743489583333,3.740548117518,0.359358266166,0.122450054594
